name_normalized,name_raw,code
afghanistan,Afghanistan,AF
afganisztán,Afganisztán,AF
afganistan,Afganistan,AF
アフガニスタン,アフガニスタン,AF
afganistán,Afganistán,AF
afeganistão,Afeganistão,AF
afganistanu,Afganistanu,AF
afganistan,Afganistan,AF
an afganastáin,An Afganastáin,AF
albania,Albania,AL
albanie,Albanie,AL
albánia,Albánia,AL
albanië,Albanië,AL
albanien,Albanien,AL
アルバニア,アルバニア,AL
albânia,Albânia,AL
alba,Alba,AL
an albáin,An Albáin,AL
algeria,Algeria,DZ
algérie,Algérie,DZ
algéria,Algéria,DZ
algerije,Algerije,DZ
algieria,Algieria,DZ
algerien,Algerien,DZ
アルジェリア,アルジェリア,DZ
argelia,Argelia,DZ
argélia,Argélia,DZ
an ailgéir,An Ailgéir,DZ
american samoa,American Samoa,AS
samoa américaines,Samoa américaines,AS
amerikai szamoa,Amerikai Szamoa,AS
amerikaans-samoa,Amerikaans-Samoa,AS
samoa amerykańskie,Samoa Amerykańskie,AS
amerikanisch-samoa,Amerikanisch-Samoa,AS
アメリカンサモア,アメリカンサモア,AS
samoa americana,Samoa Americana,AS
samoa americana,Samoa Americana,AS
samoa americana,Samoa Americana,AS
amerikar samoa,Amerikar Samoa,AS
samó na meiriceá,Samó na Meiriceá,AS
andorra,Andorra,AD
andorre,Andorre,AD
andora,Andora,AD
アンドラ,アンドラ,AD
andura,Andura,AD
andóra,Andóra,AD
angola,Angola,AO
アンゴラ,アンゴラ,AO
angóla,Angóla,AO
anguilla,Anguilla,AI
アンギラ,アンギラ,AI
anguila,Anguila,AI
aingira,Aingira,AI
anguilla,Anguilla,AI
antarctica,Antarctica,AQ
antarctique,Antarctique,AQ
antarktisz,Antarktisz,AQ
antarktyda,Antarktyda,AQ
antarktika,Antarktika,AQ
南極,南極,AQ
antartica,Antartica,AQ
antártida,Antártida,AQ
antártida,Antártida,AQ
antartika,Antartika,AQ
an antartach,An Antartach,AQ
antigua and barbuda,Antigua and Barbuda,AG
antigua-et-barbuda,Antigua-et-Barbuda,AG
antigua és barbuda,Antigua és Barbuda,AG
antigua en barbuda,Antigua en Barbuda,AG
antigua i barbuda,Antigua i Barbuda,AG
antigua und barbuda,Antigua und Barbuda,AG
アンティグア・バーブーダ,アンティグア・バーブーダ,AG
antigua è barbuda,Antigua è Barbuda,AG
antigua y barbuda,Antigua y Barbuda,AG
antígua e barbuda,Antígua e Barbuda,AG
antigua eta barbuda,Antigua eta Barbuda,AG
antigua agus barbúda,Antigua agus Barbúda,AG
argentina,Argentina,AR
argentine,Argentine,AR
argentína,Argentína,AR
argentinië,Argentinië,AR
argentyna,Argentyna,AR
argentinien,Argentinien,AR
アルゼンチン,アルゼンチン,AR
an airgintín,An Airgintín,AR
armenia,Armenia,AM
arménie,Arménie,AM
örményország,Örményország,AM
armenië,Armenië,AM
armenien,Armenien,AM
アルメニア,アルメニア,AM
armênia,Armênia,AM
an airméin,An Airméin,AM
aruba,Aruba,AW
aruba,Aruba,AW
aruba,Aruba,AW
aruba,Aruba,AW
aruba,Aruba,AW
aruba,Aruba,AW
aruba,Aruba,AW
aruba,Aruba,AW
aruba,Aruba,AW
アルバ,アルバ,AW
aruba,Aruba,AW
arúba,Arúba,AW
australia,Australia,AU
australie,Australie,AU
ausztrália,Ausztrália,AU
australië,Australië,AU
australien,Australien,AU
オーストラリア,オーストラリア,AU
austrália,Austrália,AU
an astráil,An Astráil,AU
austria,Austria,AT
autriche,Autriche,AT
ausztria,Ausztria,AT
oostenrijk,Oostenrijk,AT
österreich,Österreich,AT
オーストリア,オーストリア,AT
áustria,Áustria,AT
austrìa,Austrìa,AT
an ostair,An Ostair,AT
azerbaijan,Azerbaijan,AZ
azerbaïdjan,Azerbaïdjan,AZ
azerbajdzsán,Azerbajdzsán,AZ
azerbeidzjan,Azerbeidzjan,AZ
azerbejdżan,Azerbejdżan,AZ
aserbaidschan,Aserbaidschan,AZ
アゼルバイジャン,アゼルバイジャン,AZ
azerbaidzanu,Azerbaidzanu,AZ
azerbaiyán,Azerbaiyán,AZ
azerbaijão,Azerbaijão,AZ
an asarbaiseáin,An Asarbaiseáin,AZ
bahamas,Bahamas,BS
bahama-szigetek,Bahama-szigetek,BS
bahama's,Bahama's,BS
bahamy,Bahamy,BS
バハマ,バハマ,BS
bahamak,Bahamak,BS
na bahámaí,Na Bahámaí,BS
bahrain,Bahrain,BH
bahreïn,Bahreïn,BH
bahrein,Bahrein,BH
bahrein,Bahrein,BH
bahrajn,Bahrajn,BH
バーレーン,バーレーン,BH
baréin,Baréin,BH
bahrein,Bahrein,BH
bairéin,Bairéin,BH
bangladesh,Bangladesh,BD
banglades,Banglades,BD
bangladesz,Bangladesz,BD
bangladesch,Bangladesch,BD
バングラデシュ,バングラデシュ,BD
bangladés,Bangladés,BD
an bhanglaidéis,An Bhanglaidéis,BD
barbados,Barbados,BB
barbade,Barbade,BB
バルバドス,バルバドス,BB
barbadós,Barbadós,BB
belarus,Belarus,BY
biélorussie,Biélorussie,BY
fehéroroszország,Fehéroroszország,BY
białoruś,Białoruś,BY
ベラルーシ,ベラルーシ,BY
bielorussia,Bielorussia,BY
weißrussland,Weißrussland,BY
bielorrusia,Bielorrusia,BY
wit-rusland,Wit-Rusland,BY
bielorrússia,Bielorrússia,BY
bielorrusia,Bielorrusia,BY
an bhealarúis,An Bhealarúis,BY
belgium,Belgium,BE
belgique,Belgique,BE
belgië,België,BE
belgia,Belgia,BE
belgien,Belgien,BE
ベルギー,ベルギー,BE
belgica,Belgica,BE
bélgica,Bélgica,BE
bélgica,Bélgica,BE
belgika,Belgika,BE
an bheilg,An Bheilg,BE
belize,Belize,BZ
ベリーズ,ベリーズ,BZ
belice,Belice,BZ
an bheilís,An Bheilís,BZ
benin,Benin,BJ
bénin,Bénin,BJ
ベナン,ベナン,BJ
benín,Benín,BJ
beninu,Beninu,BJ
beinin,Beinin,BJ
bermuda,Bermuda,BM
bermudes,Bermudes,BM
bermudy,Bermudy,BM
バミューダ,バミューダ,BM
bermudas,Bermudas,BM
bermudas,Bermudas,BM
bermudes,Bermudes,BM
beirmiúda,Beirmiúda,BM
bhutan,Bhutan,BT
bhoutan,Bhoutan,BT
bhután,Bhután,BT
ブータン,ブータン,BT
bután,Bután,BT
butão,Butão,BT
bhutanu,Bhutanu,BT
an bhútáin,An Bhútáin,BT
bolivia,Bolivia,BO
bolivie,Bolivie,BO
bolívia,Bolívia,BO
boliwia,Boliwia,BO
bolivien,Bolivien,BO
ボリビア,ボリビア,BO
bolivia (statu plurinaziunale di),Bolivia (Statu plurinaziunale di),BO
bolívia,Bolívia,BO
an bholaiv,An Bholaiv,BO
bosnia and herzegovina,Bosnia and Herzegovina,BA
bosnie-herzégovine,Bosnie-Herzégovine,BA
bosznia-hercegovina,Bosznia-Hercegovina,BA
bosnië en herzegovina,Bosnië en Herzegovina,BA
bośnia i hercegowina,Bośnia i Hercegowina,BA
bosnien und herzegowina,Bosnien und Herzegowina,BA
ボスニア・ヘルツェゴビナ,ボスニア・ヘルツェゴビナ,BA
bosnia è erzegovina,Bosnia è Erzegovina,BA
bosnia y herzegovina,Bosnia y Herzegovina,BA
bósnia e herzegovina,Bósnia e Herzegovina,BA
bosnia eta herzegovina,Bosnia eta Herzegovina,BA
an bhoisnia agus an heirseagaivéin,An Bhoisnia agus an Heirseagaivéin,BA
botswana,Botswana,BW
ボツワナ,ボツワナ,BW
botsuana,Botsuana,BW
an bhotsuáin,An Bhotsuáin,BW
bouvet island,Bouvet Island,BV
île bouvet,Île Bouvet,BV
norvégia bouvet-sziget,Norvégia Bouvet-sziget,BV
bouveteiland,Bouveteiland,BV
wyspa bouveta,Wyspa Bouveta,BV
bouvetinsel,Bouvetinsel,BV
ブーベ島,ブーベ島,BV
isula di bouvet,Isula di Bouvet,BV
isla bouvet,Isla Bouvet,BV
ilha bouvet,Ilha Bouvet,BV
bouvet uhartea,Bouvet Uhartea,BV
oileán bouvet,Oileán Bouvet,BV
brazil,Brazil,BR
brésil,Brésil,BR
brazília,Brazília,BR
brazilië,Brazilië,BR
brazylia,Brazylia,BR
brasilien,Brasilien,BR
ブラジル,ブラジル,BR
brasile,Brasile,BR
brasil,Brasil,BR
brasil,Brasil,BR
brasil,Brasil,BR
an bhrasaíl,An Bhrasaíl,BR
british indian ocean territory,British Indian Ocean Territory,IO
territoire britannique de l'océan indien,Territoire britannique de l'océan Indien,IO
brit indiai-óceáni terület,Brit Indiai-óceáni Terület,IO
brits indische oceaan gebied,Brits Indische Oceaan Gebied,IO
brytyjskie terytorium oceanu indyjskiego,Brytyjskie Terytorium Oceanu Indyjskiego,IO
britisches territorium im indischen ozean,Britisches Territorium im Indischen Ozean,IO
インド洋のイギリス領地,インド洋のイギリス領地,IO
territorio britannicu di l'oceano índicu,Territorio Britannicu di l'Oceano Índicu,IO
territorio británico del océano índico,Territorio Británico del Océano Índico,IO
território britânico do oceano índico,Território Britânico do Oceano Índico,IO
indiako ozeanoko britainiar lurraldea,Indiako Ozeanoko Britainiar Lurraldea,IO
críoch aigéan indiach na breataine,Críoch Aigéan Indiach na Breataine,IO
british virgin islands,British Virgin Islands,VG
îles vierges britanniques,Îles Vierges britanniques,VG
brit virgin-szigetek,Brit Virgin-szigetek,VG
britse maagdeneilanden,Britse Maagdeneilanden,VG
brytyjskie wyspy dziewicze,Brytyjskie Wyspy Dziewicze,VG
britische jungferninseln,Britische Jungferninseln,VG
イギリス領ヴァージン諸島,イギリス領ヴァージン諸島,VG
isuli vergini britanniche,Isuli Vergini Britanniche,VG
islas vírgenes británicas,Islas Vírgenes Británicas,VG
ilhas virgens britânicas,Ilhas Virgens Britânicas,VG
birjina uharte britainiarrak,Birjina uharte britainiarrak,VG
oileáin bhriotanacha na maighdean,Oileáin Bhriotanacha na Maighdean,VG
brunei,Brunei,BN
brunéi,Brunéi,BN
ブルネイ,ブルネイ,BN
brunei darussalam,Brunei Darussalam,BN
brunéi,Brunéi,BN
brúiné,Brúiné,BN
bulgaria,Bulgaria,BG
bulgarie,Bulgarie,BG
bulgária,Bulgária,BG
bulgarije,Bulgarije,BG
bułgaria,Bułgaria,BG
bulgarien,Bulgarien,BG
ブルガリア,ブルガリア,BG
bulgária,Bulgária,BG
an bhulgáir,An Bhulgáir,BG
burkina faso,Burkina Faso,BF
burkina faso,Burkina Faso,BF
burkina faso,Burkina Faso,BF
burkina faso,Burkina Faso,BF
burkina faso,Burkina Faso,BF
burkina faso,Burkina Faso,BF
burkina faso,Burkina Faso,BF
burquina fasso,Burquina Fasso,BF
burkina faso,Burkina Faso,BF
ブルキナファソ,ブルキナファソ,BF
burkina faso,Burkina Faso,BF
buircíne fasó,Buircíne Fasó,BF
burundi,Burundi,BI
ブルンジ,ブルンジ,BI
an bhurúin,An Bhurúin,BI
cambodia,Cambodia,KH
cambodge,Cambodge,KH
kambodzsa,Kambodzsa,KH
cambodja,Cambodja,KH
kambodża,Kambodża,KH
kambodscha,Kambodscha,KH
カンボジア,カンボジア,KH
cambudgia,Cambudgia,KH
camboya,Camboya,KH
camboja,Camboja,KH
kanbodia,Kanbodia,KH
an chambóid,An Chambóid,KH
cameroon,Cameroon,CM
cameroun,Cameroun,CM
kamerun,Kamerun,CM
kameroen,Kameroen,CM
kamerun,Kamerun,CM
kamerun,Kamerun,CM
カメルーン,カメルーン,CM
cameruna,Cameruna,CM
camerún,Camerún,CM
camarões,Camarões,CM
kamerun,Kamerun,CM
camarún,Camarún,CM
canada,Canada,CA
kanada,Kanada,CA
kanada,Kanada,CA
kanada,Kanada,CA
カナダ,カナダ,CA
canadá,Canadá,CA
canadá,Canadá,CA
candia,Candia,CA
kanada,Kanada,CA
ceanada,Ceanada,CA
cabo verde,Cabo Verde,CV
cap-vert,Cap-Vert,CV
zöld-foki köztársaság,Zöld-foki Köztársaság,CV
kaapverdië,Kaapverdië,CV
zielony przylądek,Zielony Przylądek,CV
kap verde,Kap Verde,CV
カーボベルデ,カーボベルデ,CV
capu verde,Capu Verde,CV
rinn verde,Rinn Verde,CV
cayman islands,Cayman Islands,KY
îles caïmans,Îles Caïmans,KY
kajmán-szigetek,Kajmán-szigetek,KY
kaaimaneilanden,Kaaimaneilanden,KY
wyspy kajmańskie,Wyspy Kajmańskie,KY
ケイマン諸島,ケイマン諸島,KY
isole di cayman,Isole Di Cayman,KY
islas caimán,Islas Caimán,KY
ilhas cayman,Ilhas Cayman,KY
kaiman uharteak,Kaiman Uharteak,KY
oileáin cayman,Oileáin Cayman,KY
central african republic,Central African Republic,CF
république centrafricaine,République centrafricaine,CF
közép-afrika,Közép-Afrika,CF
centraal-afrikaanse republiek,Centraal-Afrikaanse Republiek,CF
republika środkowoafrykańska,Republika Środkowoafrykańska,CF
zentralafrikanische republik,Zentralafrikanische Republik,CF
中央アフリカ共和国,中央アフリカ共和国,CF
republica centru-afrikarra,Republica Centru-Afrikarra,CF
república centroafricana,República Centroafricana,CF
república centro-africana,República Centro-Africana,CF
afrika erdiko errepublika,Afrika Erdiko Errepublika,CF
poblacht na hafraice láir,Poblacht na hAfraice Láir,CF
chad,Chad,TD
tchad,Tchad,TD
csád,Csád,TD
tsjaad,Tsjaad,TD
czad,Czad,TD
tschad,Tschad,TD
チャド,チャド,TD
ciad,Ciad,TD
chade,Chade,TD
txad,Txad,TD
sead,Sead,TD
chile,Chile,CL
chili,Chili,CL
chili,Chili,CL
チリ,チリ,CL
cile,Cile,CL
txile,Txile,CL
an tsile,An tSile,CL
china,China,CN
chine,Chine,CN
kína,Kína,CN
chiny,Chiny,CN
volksrepublik china,Volksrepublik China,CN
中国,中国,CN
cina,Cina,CN
txina,Txina,CN
an tsín,An tSín,CN
christmas island,Christmas Island,CX
île christmas,Île Christmas,CX
karácsony-sziget,Karácsony-sziget,CX
christmaseiland,Christmaseiland,CX
wyspa bożego narodzenia,Wyspa Bożego Narodzenia,CX
weihnachtsinsel,Weihnachtsinsel,CX
クリスマス島,クリスマス島,CX
isula di natale,Isula Di Natale,CX
isla de navidad,Isla de Navidad,CX
ilha christmas,Ilha Christmas,CX
christmas uhartea,Christmas uhartea,CX
oileán na nollag,Oileán na Nollag,CX
cocos islands,Cocos Islands,CC
îles cocos,Îles Cocos,CC
kókusz (keeling)-szigetek,Kókusz (Keeling)-szigetek,CC
cocoseilanden,Cocoseilanden,CC
wyspy kokosowe,Wyspy Kokosowe,CC
kokosinseln,Kokosinseln,CC
ココス諸島,ココス諸島,CC
isule cocos,Isule Cocos,CC
islas cocos,Islas Cocos,CC
ilhas cocos,Ilhas Cocos,CC
cocosak,Cocosak,CC
oileáin cocos,Oileáin Cocos,CC
colombia,Colombia,CO
colombie,Colombie,CO
kolumbia,Kolumbia,CO
kolumbia,Kolumbia,CO
kolumbien,Kolumbien,CO
コロンビア,コロンビア,CO
colômbia,Colômbia,CO
colòmbia,Colòmbia,CO
kolonbia,Kolonbia,CO
an cholóim,An Cholóim,CO
comoros,Comoros,KM
comores,Comores,KM
comore-szigetek,Comore-szigetek,KM
comoren,Comoren,KM
komory,Komory,KM
komoren,Komoren,KM
コモロ,コモロ,KM
cumori,Cumori,KM
comoras,Comoras,KM
comores,Comores,KM
komoreak,Komoreak,KM
oileáin chomóra,Oileáin Chomóra,KM
republic of the congo,Republic of the Congo,CG
kongói köztársaság,KONGÓI KÖZTÁRSASÁG,CG
congo-brazzaville,Congo-Brazzaville,CG
republika konga,REPUBLIKA KONGA,CG
republik kongo,REPUBLIK KONGO,CG
コンゴ共和国,コンゴ共和国,CG
republica di u congo,Republica di u Congo,CG
república del congo,República del Congo,CG
kongoko errepublika,Kongoko Errepublika,CG
república do congo,REPÚBLICA DO CONGO,CG
république du congo,RÉPUBLIQUE DU CONGO,CG
an congó,An Congó,CG
cook islands,Cook Islands,CK
îles cook,Îles Cook,CK
cook-szigetek,Cook-szigetek,CK
cookeilanden,Cookeilanden,CK
wyspy cooka,Wyspy Cooka,CK
cookinseln,Cookinseln,CK
クック諸島,クック諸島,CK
isule cook,Isule Cook,CK
islas cook,Islas Cook,CK
ilhas cook,Ilhas Cook,CK
cook uharteak,Cook Uharteak,CK
oileáin cook,Oileáin Cook,CK
costa rica,Costa Rica,CR
kostaryka,Kostaryka,CR
コスタリカ,コスタリカ,CR
cósta ríce,Cósta Ríce,CR
côte d'ivoire,Côte d'Ivoire,CI
elefántcsontpart,Elefántcsontpart,CI
ivoorkust,Ivoorkust,CI
wybrzeże kości słoniowej,Wybrzeże Kości Słoniowej,CI
elfenbeinküste,Elfenbeinküste,CI
コートジボワール,コートジボワール,CI
costa d'avoriu,Costa d'Avoriu,CI
costa de marfil,Costa de Marfil,CI
costa do marfim,Costa do Marfim,CI
boli kosta,Boli Kosta,CI
an cósta eabhair,An Cósta Eabhair,CI
croatia,Croatia,HR
croatie,Croatie,HR
croacia,Croacia,HR
kroazia,Kroazia,HR
horvátország,Horvátország,HR
kroatië,Kroatië,HR
chorwacja,Chorwacja,HR
croácia,Croácia,HR
kroatien,Kroatien,HR
クロアチア,クロアチア,HR
croazia,Croazia,HR
an chróit,An Chróit,HR
cuba,Cuba,CU
kuba,Kuba,CU
kuba,Kuba,CU
kuba,Kuba,CU
キューバ,キューバ,CU
kuba,Kuba,CU
cúba,Cúba,CU
cyprus,Cyprus,CY
chypre,Chypre,CY
ciprus,Ciprus,CY
cypr,Cypr,CY
zypern,Zypern,CY
キプロス,キプロス,CY
chipre,Chipre,CY
chipre,Chipre,CY
chipre,Chipre,CY
zipre,Zipre,CY
an chipir,An Chipir,CY
czechia,Czechia,CZ
tchéquie,Tchéquie,CZ
csehország,Csehország,CZ
tsjechië,Tsjechië,CZ
czechy,Czechy,CZ
tschechien,Tschechien,CZ
チェコ,チェコ,CZ
republica cecca,Republica Cecca,CZ
república checa,República Checa,CZ
república checa,República Checa,CZ
txekia,Txekia,CZ
an tseicia,An tSeicia,CZ
democratic republic of the congo,Democratic Republic of the Congo,CD
république démocratique du congo,République démocratique du Congo,CD
kongói demokratikus köztársaság (zaire),Kongói Demokratikus Köztársaság (Zaire),CD
congo-kinshasa,Congo-Kinshasa,CD
demokratyczna republika konga,Demokratyczna Republika Konga,CD
demokratische republik kongo,Demokratische Republik Kongo,CD
コンゴ民主共和国,コンゴ民主共和国,CD
republica democratica di u congo,Republica Democratica di u Congo,CD
república democrática del congo,República Democrática del Congo,CD
república democrática do congo,República Democrática do Congo,CD
kongoko errepublika demokratikoa,Kongoko Errepublika Demokratikoa,CD
poblacht dhaonlathach an chongó,Poblacht Dhaonlathach an Chongó,CD
denmark,Denmark,DK
danemark,Danemark,DK
dánia,Dánia,DK
denemarken,Denemarken,DK
dania,Dania,DK
dänemark,Dänemark,DK
デンマーク,デンマーク,DK
danimarcu,Danimarcu,DK
dinamarca,Dinamarca,DK
dinamarca,Dinamarca,DK
danimarka,Danimarka,DK
an danmhairg,An Danmhairg,DK
djibouti,Djibouti,DJ
dzsibuti,Dzsibuti,DJ
dżibuti,Dżibuti,DJ
dschibuti,Dschibuti,DJ
ジブチ,ジブチ,DJ
yibuti,Yibuti,DJ
djibuti,Djibuti,DJ
ghjibutu,Ghjibutu,DJ
djibuti,Djibuti,DJ
diobúití,Diobúití,DJ
dominica,Dominica,DM
dominique,Dominique,DM
dominikai közösség,Dominikai Közösség,DM
dominika,Dominika,DM
ドミニカ,ドミニカ,DM
dumenica,Dumenica,DM
dominika,Dominika,DM
doiminice,Doiminice,DM
dominican republic,Dominican Republic,DO
république dominicaine,République dominicaine,DO
dominikai köztársaság,Dominikai Köztársaság,DO
dominicaanse republiek,Dominicaanse Republiek,DO
republika dominikańska,Republika Dominikańska,DO
dominikanische republik,Dominikanische Republik,DO
ドミニカ共和国,ドミニカ共和国,DO
republica dominica,Republica Dominica,DO
república dominicana,República Dominicana,DO
república dominicana,República Dominicana,DO
dominikar errepublika,Dominikar Errepublika,DO
an phoblacht dhoiminiceach,An Phoblacht Dhoiminiceach,DO
ecuador,Ecuador,EC
équateur,Équateur,EC
ekwador,Ekwador,EC
エクアドル,エクアドル,EC
equatore,Equatore,EC
equador,Equador,EC
ekuador,Ekuador,EC
eacuadór,Eacuadór,EC
egypt,Egypt,EG
égypte,Égypte,EG
egyiptom,Egyiptom,EG
egypte,Egypte,EG
egipt,Egipt,EG
ägypten,Ägypten,EG
エジプト,エジプト,EG
egitu,Egitu,EG
egipto,Egipto,EG
egito,Egito,EG
egipto,Egipto,EG
an éigipt,An Éigipt,EG
el salvador,El Salvador,SV
salvador,Salvador,SV
salvador,Salvador,SV
salwador,Salwador,SV
エルサルバドル,エルサルバドル,SV
salvadoru,Salvadoru,SV
an tsalvadóir,An tSalvadóir,SV
equatorial guinea,Equatorial Guinea,GQ
guinée équatoriale,Guinée équatoriale,GQ
egyenlítői-guinea,Egyenlítői-Guinea,GQ
equatoriaal-guinea,Equatoriaal-Guinea,GQ
gwinea równikowa,Gwinea Równikowa,GQ
äquatorialguinea,Äquatorialguinea,GQ
赤道ギニア,赤道ギニア,GQ
guinèa equatoriale,Guinèa Equatoriale,GQ
guinea ecuatorial,Guinea Ecuatorial,GQ
guiné equatorial,Guiné Equatorial,GQ
ekuatore ginea,Ekuatore Ginea,GQ
an ghuine mheánchiorclach,An Ghuine Mheánchiorclach,GQ
eritrea,Eritrea,ER
érythrée,Érythrée,ER
erytrea,Erytrea,ER
エリトリア,エリトリア,ER
eritreia,Eritreia,ER
an eiritré,An Eiritré,ER
estonia,Estonia,EE
estonie,Estonie,EE
észtország,Észtország,EE
estland,Estland,EE
estland,Estland,EE
エストニア,エストニア,EE
estônia,Estônia,EE
an eastóin,An Eastóin,EE
eswatini,Eswatini,SZ
szváziföld,Szváziföld,SZ
swaziland,Swaziland,SZ
スワジランド,スワジランド,SZ
esuatini,Esuatini,SZ
swaziland,Swaziland,SZ
esuatíní,eSuatíní,SZ
ethiopia,Ethiopia,ET
éthiopie,Éthiopie,ET
etiópia,Etiópia,ET
ethiopië,Ethiopië,ET
etiopia,Etiopia,ET
äthiopien,Äthiopien,ET
エチオピア,エチオピア,ET
etiopia,Etiopia,ET
etiopía,Etiopía,ET
etiópia,Etiópia,ET
etiopia,Etiopia,ET
an aetóip,An Aetóip,ET
falkland islands (malvinas),Falkland Islands (Malvinas),FK
îles malouines,Îles Malouines,FK
falkland-szigetek,Falkland-szigetek,FK
falklandeilanden,Falklandeilanden,FK
wyspy falklandzkie,Wyspy Falklandzkie,FK
falklandinseln,Falklandinseln,FK
フォークランド諸島,フォークランド諸島,FK
isole falkland,Isole Falkland,FK
islas malvinas,Islas Malvinas,FK
ilhas malvinas,Ilhas Malvinas,FK
falkland uharteak,Falkland Uharteak,FK
oileáin fháclainne,Oileáin Fháclainne,FK
faroe islands,Faroe Islands,FO
îles féroé,Îles Féroé,FO
feröer,Feröer,FO
faeröer,Faeröer,FO
wyspy owcze,Wyspy Owcze,FO
färöer,Färöer,FO
フェロー諸島,フェロー諸島,FO
isule faroe,Isule Faroe,FO
islas feroe,Islas Feroe,FO
ilhas faroé,Ilhas Faroé,FO
faroe uharteak,Faroe Uharteak,FO
oileáin fharó,Oileáin Fharó,FO
fiji,Fiji,FJ
fidji,Fidji,FJ
fidzsi,Fidzsi,FJ
fidżi,Fidżi,FJ
fidschi,Fidschi,FJ
フィジー,フィジー,FJ
figi,Figi,FJ
fiyi,Fiyi,FJ
fidsí,Fidsí,FJ
finland,Finland,FI
finlande,Finlande,FI
finnország,Finnország,FI
finlandia,Finlandia,FI
finnland,Finnland,FI
フィンランド,フィンランド,FI
finlanda,Finlanda,FI
finlandia,Finlandia,FI
finlândia,Finlândia,FI
finlandia,Finlandia,FI
an fhionlainn,An Fhionlainn,FI
france,France,FR
franciaország,Franciaország,FR
frankrijk,Frankrijk,FR
francja,Francja,FR
frankreich,Frankreich,FR
フランス,フランス,FR
francia,Francia,FR
francia,Francia,FR
frança,França,FR
frantzia,Frantzia,FR
an fhrainc,An Fhrainc,FR
french guiana,French Guiana,GF
guyane française,Guyane française,GF
francia guyana francia guyana,Francia Guyana Francia Guyana,GF
frans-guyana,Frans-Guyana,GF
gujana francuska,Gujana Francuska,GF
französisch-guayana,Französisch-Guayana,GF
フランス領ギアナ,フランス領ギアナ,GF
ghjana francesa,Ghjana Francesa,GF
guayana francesa,Guayana Francesa,GF
guiana francesa,Guiana Francesa,GF
frantziako guyana,Frantziako Guyana,GF
guáin na fraince,Guáin na Fraince,GF
french polynesia,French Polynesia,PF
polynésie française,Polynésie française,PF
francia polinézia,Francia Polinézia,PF
frans-polynesië,Frans-Polynesië,PF
polinezja francuska,Polinezja Francuska,PF
französisch-polynesien,FRANZÖSISCH-POLYNESIEN,PF
フランス領ポリネシア,フランス領ポリネシア,PF
polinesia francesa,Polinesia Francesa,PF
polinesia francesa,Polinesia Francesa,PF
polinésia francesa,Polinésia Francesa,PF
polinesia frantsesa,Polinesia Frantsesa,PF
polainéis na fraince,Polainéis na Fraince,PF
french southern territories,French Southern Territories,TF
terres australes françaises,Terres australes françaises,TF
francia déli és antarktiszi területek,Francia déli és antarktiszi területek,TF
franse zuidelijke gebieden,Franse Zuidelijke Gebieden,TF
francuskie terytoria południowe,Francuskie Terytoria Południowe,TF
französische süd- und antarktisgebiete,Französische Süd- und Antarktisgebiete,TF
フランス領南方・南極地域,フランス領南方・南極地域,TF
terre francesce meridiunali,Terre Francesce Meridiunali,TF
tierras australes y antárticas francesas,Tierras Australes y Antárticas Francesas,TF
territórios franceses do sul,Territórios Franceses do Sul,TF
frantziaren lurralde austral eta antartikoak,Frantziaren Lurralde Austral eta Antartikoak,TF
críocha francacha deisceartacha agus antartacha,Críocha Francacha Deisceartacha agus Antartacha,TF
gabon,Gabon,GA
gabun,Gabun,GA
ガボン,ガボン,GA
gabón,Gabón,GA
gabão,Gabão,GA
gabone,Gabone,GA
an ghabúin,An Ghabúin,GA
the gambia,The Gambia,GM
gambie,Gambie,GM
ガンビア,ガンビア,GM
gâmbia,Gâmbia,GM
an ghaimbia,An Ghaimbia,GM
georgia,Georgia,GE
géorgie,Géorgie,GE
grúzia,Grúzia,GE
georgië,Georgië,GE
gruzja,Gruzja,GE
georgien,Georgien,GE
ジョージア,ジョージア,GE
geórgia,Geórgia,GE
ghjorgia,Ghjorgia,GE
an tseoirsia,An tSeoirsia,GE
germany,Germany,DE
allemagne,Allemagne,DE
németország,Németország,DE
duitsland,Duitsland,DE
niemcy,Niemcy,DE
deutschland,Deutschland,DE
ドイツ,ドイツ,DE
germania,Germania,DE
alemania,Alemania,DE
alemanha,Alemanha,DE
alemania,Alemania,DE
an ghearmáin,An Ghearmáin,DE
ghana,Ghana,GH
ghána,Ghána,GH
ガーナ,ガーナ,GH
gana,Gana,GH
gána,Gána,GH
gibraltar,Gibraltar,GI
gibraltár,Gibraltár,GI
ジブラルタル,ジブラルタル,GI
ghjibiltari,Ghjibiltari,GI
giobráltar,Giobráltar,GI
greece,Greece,GR
grèce,Grèce,GR
görögország,Görögország,GR
griekenland,Griekenland,GR
grecja,Grecja,GR
griechenland,Griechenland,GR
ギリシャ,ギリシャ,GR
grecia,Grecia,GR
grecia,Grecia,GR
grécia,Grécia,GR
grezia,Grezia,GR
an ghréig,An Ghréig,GR
greenland,Greenland,GL
groenland,Groenland,GL
grönland,Grönland,GL
groenland,Groenland,GL
grenlandia,Grenlandia,GL
grönland,Grönland,GL
グリーンランド,グリーンランド,GL
groenlandia,Groenlandia,GL
gronelândia,Gronelândia,GL
groenlanda,Groenlanda,GL
groenlandia,Groenlandia,GL
an ghraonlainn,An Ghraonlainn,GL
grenada,Grenada,GD
grenade,Grenade,GD
グレナダ,グレナダ,GD
granata,Granata,GD
granada,Granada,GD
granada,Granada,GD
greanáda,Greanáda,GD
guadeloupe,Guadeloupe,GP
guadeloupe guadeloupe,Guadeloupe Guadeloupe,GP
gwadelupa,Gwadelupa,GP
グアドループ,グアドループ,GP
guadalupe,Guadalupe,GP
guadalupe,Guadalupe,GP
guadelupa,Guadelupa,GP
guadelupe,Guadelupe,GP
guadalúip,Guadalúip,GP
guam,Guam,GU
グアム,グアム,GU
guam,Guam,GU
guatemala,Guatemala,GT
gwatemala,Gwatemala,GT
グアテマラ,グアテマラ,GT
guatamala,Guatamala,GT
bailiwick of guernsey,Bailiwick of Guernsey,GG
bailliage de guernesey,Bailliage de Guernesey,GG
guernsey bailiffség,Guernsey Bailiffség,GG
ガーンジー,ガーンジー,GG
herrschaft guernsey,Herrschaft Guernsey,GG
guernsey,Guernsey,GG
baljuwschap guernsey,Baljuwschap Guernsey,GG
okręg guernsey,Okręg Guernsey,GG
bailiado de guernsey,Bailiado de Guernsey,GG
balianza di guernsey,Balianza di Guernsey,GG
guernsey,Guernsey,GG
geansaí,Geansaí,GG
guinea,Guinea,GN
guinée,Guinée,GN
guinea,Guinea,GN
ginea,Ginea,GN
guinea,Guinea,GN
guinee,Guinee,GN
gwinea,Gwinea,GN
guiné,Guiné,GN
guinea,Guinea,GN
ギニア,ギニア,GN
ghjine,Ghjine,GN
an ghuine,An Ghuine,GN
guinea-bissau,Guinea-Bissau,GW
guinée-bissau,Guinée-Bissau,GW
guinea-bisáu,Guinea-Bisáu,GW
ginea-bissau,Ginea-Bissau,GW
bissau-guinea,Bissau-Guinea,GW
guinee-bissau,Guinee-Bissau,GW
gwinea bissau,Gwinea Bissau,GW
guiné-bissau,Guiné-Bissau,GW
guinea-bissau,Guinea-Bissau,GW
ギニアビサウ,ギニアビサウ,GW
ghjine-bissau,Ghjine-Bissau,GW
an ghuine-bhissau,An Ghuine-Bhissau,GW
guyana,Guyana,GY
gujana,Gujana,GY
ガイアナ,ガイアナ,GY
guiana,Guiana,GY
an ghuáin,An Ghuáin,GY
haiti,Haiti,HT
haïti,Haïti,HT
haïti,Haïti,HT
ハイチ,ハイチ,HT
haití,Haití,HT
háítí,Háítí,HT
heard island and mcdonald islands,Heard Island and McDonald Islands,HM
îles heard-et-macdonald,Îles Heard-et-MacDonald,HM
heard-sziget és mcdonald-szigetek,Heard-sziget és McDonald-szigetek,HM
heard en mcdonaldeilanden,Heard en McDonaldeilanden,HM
wyspy heard i mcdonalda,Wyspy Heard i McDonalda,HM
heard und mcdonaldinseln,Heard und McDonaldinseln,HM
ハード島とマクドナルド諸島,ハード島とマクドナルド諸島,HM
isole heard e mcdonald,Isole Heard e McDonald,HM
islas heard y mcdonald,Islas Heard y McDonald,HM
ilhas heard e mcdonald,Ilhas Heard e McDonald,HM
heard eta mcdonald uharteak,Heard eta McDonald Uharteak,HM
oileán heard agus oileáin mcdonald,Oileán Heard agus Oileáin McDonald,HM
honduras,Honduras,HN
ホンジュラス,ホンジュラス,HN
hondúras,Hondúras,HN
hong kong,Hong Kong,HK
hongkong,Hongkong,HK
hongkong,Hongkong,HK
hongkong,Hongkong,HK
hongkong,Hongkong,HK
香港,香港,HK
hong cong,Hong Cong,HK
hungary,Hungary,HU
hongrie,Hongrie,HU
magyarország,Magyarország,HU
hongarije,Hongarije,HU
węgry,Węgry,HU
ungarn,Ungarn,HU
ハンガリー,ハンガリー,HU
ungaria,Ungaria,HU
hungría,Hungría,HU
hungria,Hungria,HU
hungaria,Hungaria,HU
an ungáir,An Ungáir,HU
iceland,Iceland,IS
islande,Islande,IS
izland,Izland,IS
ijsland,IJsland,IS
islandia,Islandia,IS
island,Island,IS
アイスランド,アイスランド,IS
island,Island,IS
islandia,Islandia,IS
islândia,Islândia,IS
islandia,Islandia,IS
an íoslainn,An Íoslainn,IS
india,India,IN
inde,Inde,IN
india,India,IN
india,India,IN
india,India,IN
india,India,IN
indie,Indie,IN
índia,Índia,IN
indien,Indien,IN
インド,インド,IN
india,India,IN
an india,An India,IN
indonesia,Indonesia,ID
indonésie,Indonésie,ID
indonézia,Indonézia,ID
indonesië,Indonesië,ID
indonezja,Indonezja,ID
indonesien,Indonesien,ID
インドネシア,インドネシア,ID
indonésia,Indonésia,ID
indunisia,Indunisia,ID
an indinéis,An Indinéis,ID
iran,Iran,IR
irán,Irán,IR
イラン,イラン,IR
iranu,Iranu,IR
irán,Irán,IR
irã,Irã,IR
an iaráin,An Iaráin,IR
iraq,Iraq,IQ
irak,Irak,IQ
irak,Irak,IQ
irak,Irak,IQ
irak,Irak,IQ
イラク,イラク,IQ
irak,Irak,IQ
irak,Irak,IQ
iraque,Iraque,IQ
irach,Irach,IQ
irak,Irak,IQ
an iaráic,An Iaráic,IQ
ireland,Ireland,IE
irlande,Irlande,IE
írország,Írország,IE
ierland,Ierland,IE
irlandia,Irlandia,IE
irland,Irland,IE
アイルランド,アイルランド,IE
irlanda,Irlanda,IE
irlanda,Irlanda,IE
irlanda,Irlanda,IE
irlandako errepublika,Irlandako Errepublika,IE
éire,Éire,IE
isle of man,Isle of Man,IM
île de man,Île de Man,IM
man,Man,IM
wyspa man,Wyspa Man,IM
マン島,マン島,IM
ile di man,Ile di Man,IM
isla de man,Isla de Man,IM
ilha de man,Ilha de Man,IM
man uhartea,Man Uhartea,IM
oileán mhanann,Oileán Mhanann,IM
israel,Israel,IL
israël,Israël,IL
izrael,Izrael,IL
israël,Israël,IL
izrael,Izrael,IL
イスラエル,イスラエル,IL
israele,Israele,IL
iosrael,Iosrael,IL
italy,Italy,IT
italie,Italie,IT
olaszország,Olaszország,IT
italië,Italië,IT
włochy,Włochy,IT
italien,Italien,IT
イタリア,イタリア,IT
italia,Italia,IT
italia,Italia,IT
itália,Itália,IT
italia,Italia,IT
an iodáil,An Iodáil,IT
jamaica,Jamaica,JM
jamaïque,Jamaïque,JM
jamajka,Jamajka,JM
jamaika,Jamaika,JM
ジャマイカ,ジャマイカ,JM
giamaica,Giamaica,JM
jamaika,Jamaika,JM
iamáice,Iamáice,JM
japan,Japan,JP
japon,Japon,JP
japán,Japán,JP
japonia,Japonia,JP
日本,日本,JP
giappone,Giappone,JP
japón,Japón,JP
japão,Japão,JP
japonia,Japonia,JP
an tseapáin,An tSeapáin,JP
jersey,Jersey,JE
jersey bailiffség,Jersey Bailiffség,JE
ジャージー,ジャージー,JE
geansaí,Geansaí,JE
jordan,Jordan,JO
jordanie,Jordanie,JO
jordánia,Jordánia,JO
jordanië,Jordanië,JO
jordania,Jordania,JO
jordanien,Jordanien,JO
ヨルダン,ヨルダン,JO
ghjordania,Ghjordania,JO
jordania,Jordania,JO
jordânia,Jordânia,JO
jordania,Jordania,JO
an iordáin,An Iordáin,JO
kazakhstan,Kazakhstan,KZ
kazahsztán,Kazahsztán,KZ
kazachstan,Kazachstan,KZ
kazachstan,Kazachstan,KZ
kasachstan,Kasachstan,KZ
カザフスタン,カザフスタン,KZ
kazajistán,Kazajistán,KZ
cazaquistão,Cazaquistão,KZ
kazachstan,Kazachstan,KZ
an chasacstáin,An Chasacstáin,KZ
kenya,Kenya,KE
kenia,Kenia,KE
kenia,Kenia,KE
kenia,Kenia,KE
ケニア,ケニア,KE
kenia,Kenia,KE
quénia,Quénia,KE
an chéinia,An Chéinia,KE
kiribati,Kiribati,KI
キリバス,キリバス,KI
ciribeas,Ciribeas,KI
kosovo,Kosovo,XK
koszovó,Koszovó,XK
kosowo,Kosowo,XK
コソボ,コソボ,XK
kosova,Kosova,XK
an chosaiv,An Chosaiv,XK
kuwait,Kuwait,KW
koweït,Koweït,KW
kuvait,Kuvait,KW
koeweit,Koeweit,KW
kuwejt,Kuwejt,KW
クウェート,クウェート,KW
cuáit,Cuáit,KW
kyrgyzstan,Kyrgyzstan,KG
kirghizistan,Kirghizistan,KG
kirgizisztán,Kirgizisztán,KG
kirgizië,Kirgizië,KG
kirgistan,Kirgistan,KG
kirgisistan,Kirgisistan,KG
キルギス,キルギス,KG
kirguistán,Kirguistán,KG
quirguistão,Quirguistão,KG
kirghisgia,Kirghisgia,KG
kirgizistan,Kirgizistan,KG
an chirgeastáin,An Chirgeastáin,KG
laos,Laos,LA
laosz,Laosz,LA
ラオス,ラオス,LA
laos (republica democratica pupulare),Laos (Republica democratica pupulare),LA
laos,Laos,LA
latvia,Latvia,LV
lettonie,Lettonie,LV
lettország,Lettország,LV
letland,Letland,LV
łotwa,Łotwa,LV
lettland,Lettland,LV
ラトビア,ラトビア,LV
lettonia,Lettonia,LV
letonia,Letonia,LV
letónia,Letónia,LV
letonia,Letonia,LV
an laitvia,An Laitvia,LV
lebanon,Lebanon,LB
liban,Liban,LB
libanon,Libanon,LB
libanon,Libanon,LB
liban,Liban,LB
libanon,Libanon,LB
レバノン,レバノン,LB
libanu,Libanu,LB
líbano,Líbano,LB
líbano,Líbano,LB
libano,Libano,LB
an liobáin,An Liobáin,LB
lesotho,Lesotho,LS
レソト,レソト,LS
lesoto,Lesoto,LS
lesoto,Lesoto,LS
lesothu,Lesothu,LS
leosóta,Leosóta,LS
liberia,Liberia,LR
libéria,Libéria,LR
libéria,Libéria,LR
リベリア,リベリア,LR
libéria,Libéria,LR
an libéir,An Libéir,LR
libya,Libya,LY
libye,Libye,LY
líbia,Líbia,LY
libië,Libië,LY
libia,Libia,LY
libyen,Libyen,LY
リビア,リビア,LY
libia,Libia,LY
libia,Libia,LY
líbia,Líbia,LY
libia,Libia,LY
an libia,An Libia,LY
liechtenstein,Liechtenstein,LI
リヒテンシュタイン,リヒテンシュタイン,LI
listenstaine,Listenstaine,LI
lichtinstéin,Lichtinstéin,LI
lithuania,Lithuania,LT
lituanie,Lituanie,LT
litvánia,Litvánia,LT
litouwen,Litouwen,LT
litwa,Litwa,LT
litauen,Litauen,LT
リトアニア,リトアニア,LT
lituania,Lituania,LT
lituania,Lituania,LT
lituânia,Lituânia,LT
lituania,Lituania,LT
an liotuáin,An Liotuáin,LT
luxembourg,Luxembourg,LU
luxemburg,Luxemburg,LU
luxemburg,Luxemburg,LU
luksemburg,Luksemburg,LU
luxemburg,Luxemburg,LU
ルクセンブルク,ルクセンブルク,LU
luxemburgo,Luxemburgo,LU
luxemburgo,Luxemburgo,LU
lussimburgu,Lussimburgu,LU
luxenburgo,Luxenburgo,LU
lucsamburg,Lucsamburg,LU
macau,Macau,MO
makaó,Makaó,MO
macau,Macau,MO
makau,Makau,MO
macau,Macau,MO
マカオ,マカオ,MO
macau,Macau,MO
macau,Macau,MO
macau,Macau,MO
macao,MACAO,MO
macao,MACAO,MO
macáó,Macáó,MO
madagascar,Madagascar,MG
madagaszkár,Madagaszkár,MG
madagaskar,Madagaskar,MG
madagaskar,Madagaskar,MG
madagaskar,Madagaskar,MG
マダガスカル,マダガスカル,MG
madagáscar,Madagáscar,MG
madagaskar,Madagaskar,MG
madagascar,Madagascar,MG
malawi,Malawi,MW
マラウイ,マラウイ,MW
malaui,Malaui,MW
an mhaláiv,An Mhaláiv,MW
malaysia,Malaysia,MY
malaisie,Malaisie,MY
malajzia,Malajzia,MY
maleisië,Maleisië,MY
malezja,Malezja,MY
マレーシア,マレーシア,MY
malàisia,Malàisia,MY
malasia,Malasia,MY
malásia,Malásia,MY
an mhalaeisia,An Mhalaeisia,MY
maldives,Maldives,MV
maldív-szigetek,Maldív-szigetek,MV
malediven,Malediven,MV
malediwy,Malediwy,MV
malediven,Malediven,MV
モルディブ,モルディブ,MV
maldive,Maldive,MV
maldivas,Maldivas,MV
maldivas,Maldivas,MV
maldivak,Maldivak,MV
oileáin mhaildíve,Oileáin Mhaildíve,MV
mali,Mali,ML
マリ,マリ,ML
malí,Malí,ML
mailí,Mailí,ML
malta,Malta,MT
malte,Malte,MT
málta,Málta,MT
マルタ,マルタ,MT
málta,Málta,MT
martinique,Martinique,MQ
martinique martinique,Martinique Martinique,MQ
martynika,Martynika,MQ
マルティニーク,マルティニーク,MQ
martinica,Martinica,MQ
martinica,Martinica,MQ
martinica,Martinica,MQ
martinika,Martinika,MQ
martinique,Martinique,MQ
mauritania,Mauritania,MR
mauritanie,Mauritanie,MR
mauritánia,Mauritánia,MR
mauritanië,Mauritanië,MR
mauretania,Mauretania,MR
mauretanien,Mauretanien,MR
モーリタニア,モーリタニア,MR
mauritânia,Mauritânia,MR
an mháratáin,An Mháratáin,MR
mauritius,Mauritius,MU
maurice,Maurice,MU
mauricio,Mauricio,MU
maurizio,Maurizio,MU
mauritius,Mauritius,MU
mauritius,Mauritius,MU
mauritius,Mauritius,MU
maurícia,Maurícia,MU
mauritius,Mauritius,MU
モーリシャス,モーリシャス,MU
mauritius,Mauritius,MU
oileán mhuirís,Oileán Mhuirís,MU
mayotte,Mayotte,YT
mayotte mayotte,Mayotte Mayotte,YT
majotta,Majotta,YT
マヨット,マヨット,YT
mayotte,Mayotte,YT
mexico,Mexico,MX
mexique,Mexique,MX
mexikó,Mexikó,MX
meksyk,Meksyk,MX
mexiko,Mexiko,MX
メキシコ,メキシコ,MX
messicu,Messicu,MX
méxico,México,MX
méxico,México,MX
mexiko,Mexiko,MX
meicsiceo,Meicsiceo,MX
federated states of micronesia,Federated States of Micronesia,FM
états fédérés de micronésie,ÉTATS FÉDÉRÉS DE MICRONÉSIE,FM
mikronéziai szövetségi államok,MIKRONÉZIAI SZÖVETSÉGI ÁLLAMOK,FM
federale staten van micronesië,FEDERALE STATEN VAN MICRONESIË,FM
sfederowane stany mikronezji,SFEDEROWANE STANY MIKRONEZJI,FM
föderierte staaten von mikronesien,FÖDERIERTE STAATEN VON MIKRONESIEN,FM
ミクロネシア連邦,ミクロネシア連邦,FM
estados federados da micronésia,ESTADOS FEDERADOS DA MICRONÉSIA,FM
mikronesiako estatu federatuak,MIKRONESIAKO ESTATU FEDERATUAK,FM
estados federados de micronesia,ESTADOS FEDERADOS DE MICRONESIA,FM
federazione di i stati micronesiani,FEDERAZIONE DI I STATI MICRONESIANI,FM
an mhicrinéis,An Mhicrinéis,FM
moldova,Moldova,MD
moldavië,Moldavië,MD
mołdawia,Mołdawia,MD
moldawien,Moldawien,MD
モルドバ,モルドバ,MD
moldavia,Moldavia,MD
moldavie,Moldavie,MD
moldavia,Moldavia,MD
moldávia,Moldávia,MD
moldavia,Moldavia,MD
an mholdóiv,An Mholdóiv,MD
monaco,Monaco,MC
monako,Monako,MC
モナコ,モナコ,MC
mónaco,Mónaco,MC
mónaco,Mónaco,MC
monako,Monako,MC
monacó,Monacó,MC
mongolia,Mongolia,MN
mongolie,Mongolie,MN
mongólia,Mongólia,MN
mongolië,Mongolië,MN
mongolei,Mongolei,MN
モンゴル,モンゴル,MN
mongolie,Mongolie,MN
mongólia,Mongólia,MN
an mhongóil,An Mhongóil,MN
montenegro,Montenegro,ME
monténégro,Monténégro,ME
montenegró,Montenegró,ME
czarnogóra,Czarnogóra,ME
モンテネグロ,モンテネグロ,ME
montenegru,Montenegru,ME
montainéagró,Montainéagró,ME
montserrat,Montserrat,MS
モントセラト,モントセラト,MS
montserrat,Montserrat,MS
morocco,Morocco,MA
maroc,Maroc,MA
marokkó,Marokkó,MA
marokko,Marokko,MA
maroko,Maroko,MA
marokko,Marokko,MA
モロッコ,モロッコ,MA
marocu,Marocu,MA
marruecos,Marruecos,MA
marrocos,Marrocos,MA
maroko,Maroko,MA
maracó,Maracó,MA
mozambique,Mozambique,MZ
mozambik,Mozambik,MZ
mozambik,Mozambik,MZ
mosambik,Mosambik,MZ
モザンビーク,モザンビーク,MZ
mozambicu,Mozambicu,MZ
moçambique,Moçambique,MZ
mozambike,Mozambike,MZ
mósaimbíc,Mósaimbíc,MZ
myanmar,Myanmar,MM
mianmar,Mianmar,MM
myanmar (birma),Myanmar (Birma),MM
mjanma,Mjanma,MM
ミャンマー,ミャンマー,MM
myanmar (birmania),Myanmar (Birmania),MM
maenmar,Maenmar,MM
namibia,Namibia,NA
namibie,Namibie,NA
namíbia,Namíbia,NA
namibië,Namibië,NA
ナミビア,ナミビア,NA
namíbia,Namíbia,NA
an namaib,An Namaib,NA
nauru,Nauru,NR
ナウル,ナウル,NR
nárú,Nárú,NR
nepal,Nepal,NP
népal,Népal,NP
nepál,Nepál,NP
ネパール,ネパール,NP
nepale,Nepale,NP
neipeal,Neipeal,NP
netherlands,Netherlands,NL
pays-bas,Pays-Bas,NL
hollandia,Hollandia,NL
nederland,Nederland,NL
holandia,Holandia,NL
niederlande,Niederlande,NL
オランダ,オランダ,NL
paesi bassi,Paesi Bassi,NL
países bajos,Países Bajos,NL
países baixos,Países Baixos,NL
herbehereak,Herbehereak,NL
an ísiltír,An Ísiltír,NL
new caledonia,New Caledonia,NC
nouvelle-calédonie,Nouvelle-Calédonie,NC
új-kaledónia,Új-Kaledónia,NC
nieuw-caledonië,Nieuw-Caledonië,NC
nowa kaledonia,Nowa Kaledonia,NC
neukaledonien,Neukaledonien,NC
ニューカレドニア,ニューカレドニア,NC
nova calidonia,Nova Calidonia,NC
nueva caledonia,Nueva Caledonia,NC
nova caledônia,Nova Caledônia,NC
kaledonia berria,Kaledonia Berria,NC
an nua-chaladóin,An Nua-Chaladóin,NC
new zealand,New Zealand,NZ
nouvelle-zélande,Nouvelle-Zélande,NZ
új-zéland,Új-Zéland,NZ
nieuw-zeeland,Nieuw-Zeeland,NZ
nowa zelandia,Nowa Zelandia,NZ
neuseeland,Neuseeland,NZ
ニュージーランド,ニュージーランド,NZ
nova zelanda,Nova Zelanda,NZ
nueva zelanda,Nueva Zelanda,NZ
nova zelândia,Nova Zelândia,NZ
zeelanda berria,Zeelanda Berria,NZ
an nua-shéalainn,An Nua-Shéalainn,NZ
nicaragua,Nicaragua,NI
nikaragua,Nikaragua,NI
ニカラグア,ニカラグア,NI
nicarágua,Nicarágua,NI
nikaragua,Nikaragua,NI
nicearagua,Nicearagua,NI
niger,Niger,NE
ニジェール,ニジェール,NE
níger,Níger,NE
níger,Níger,NE
an nígir,An Nígir,NE
nigeria,Nigeria,NG
nigéria,Nigéria,NG
nigeria,Nigeria,NG
nigeria,Nigeria,NG
nigéria,Nigéria,NG
nigeria,Nigeria,NG
nigeria,Nigeria,NG
nigéria,Nigéria,NG
nigeria,Nigeria,NG
ナイジェリア,ナイジェリア,NG
nigeria,Nigeria,NG
an nigéir,An Nigéir,NG
niue,Niue,NU
ニウエ,ニウエ,NU
niue,Niue,NU
norfolk island,Norfolk Island,NF
île norfolk,Île Norfolk,NF
norfolk-sziget,Norfolk-sziget,NF
norfolk,Norfolk,NF
wyspa norfolk,Wyspa Norfolk,NF
norfolk-insel,Norfolk-Insel,NF
ノーフォーク島,ノーフォーク島,NF
isula di norfolk,Isula di Norfolk,NF
isla norfolk,Isla Norfolk,NF
ilha norfolk,Ilha Norfolk,NF
norfolk uhartea,Norfolk uhartea,NF
oileán norfolk,Oileán Norfolk,NF
north korea,North Korea,KP
corée du nord,Corée du Nord,KP
észak-korea (koreai ndk),Észak-Korea (Koreai NDK),KP
noord-korea,Noord-Korea,KP
korea północna,Korea Północna,KP
nordkorea,Nordkorea,KP
北朝鮮,北朝鮮,KP
corea di u nordu,Corea di u Nordu,KP
corea del norte,Corea del Norte,KP
coreia do norte,Coreia do Norte,KP
ipar korea,Ipar Korea,KP
an chóiré thuaidh,An Chóiré Thuaidh,KP
north macedonia,North Macedonia,MK
macédoine du nord,Macédoine du Nord,MK
észak-macedónia,Észak-Macedónia,MK
noord-macedonië,Noord-Macedonië,MK
macedonia północna,Macedonia Północna,MK
nordmazedonien,Nordmazedonien,MK
北マケドニア,北マケドニア,MK
macedonia di u nordu,Macedonia di u Nordu,MK
macedonia del norte,Macedonia del Norte,MK
macedónia do norte,Macedónia do Norte,MK
ipar mazedonia,Ipar Mazedonia,MK
an mhacadóin thuaidh,An Mhacadóin Thuaidh,MK
northern mariana islands,Northern Mariana Islands,MP
îles mariannes du nord,Îles Mariannes du Nord,MP
északi-mariana-szigetek,Északi-Mariana-szigetek,MP
noordelijke marianen,Noordelijke Marianen,MP
mariany północne,MARIANY PÓŁNOCNE,MP
nördliche marianen,Nördliche Marianen,MP
北マリアナ諸島,北マリアナ諸島,MP
marianu du nordu,Marianu du Nordu,MP
islas marianas del norte,Islas Marianas del Norte,MP
ilhas marianas setentrionais,Ilhas Marianas Setentrionais,MP
ipar marianak,Ipar Marianak,MP
na hoileáin mháirianacha thuaidh,Na hOileáin Mháirianacha Thuaidh,MP
norway,Norway,NO
norvège,Norvège,NO
noruega,Noruega,NO
norvegia,Norvegia,NO
norvégia,Norvégia,NO
noorwegen,Noorwegen,NO
norwegia,Norwegia,NO
noruega,Noruega,NO
norwegen,Norwegen,NO
ノルウェー,ノルウェー,NO
norvegia,Norvegia,NO
an iorua,An Iorua,NO
oman,Oman,OM
omán,Omán,OM
オマーン,オマーン,OM
omán,Omán,OM
omã,Omã,OM
omanu,Omanu,OM
óman,Óman,OM
pakistan,Pakistan,PK
pakisztán,Pakisztán,PK
パキスタン,パキスタン,PK
pakistán,Pakistán,PK
paquistão,Paquistão,PK
pakistanu,Pakistanu,PK
an phacastáin,An Phacastáin,PK
palau,Palau,PW
palaos,Palaos,PW
パラオ,パラオ,PW
palaos,Palaos,PW
palau,Palau,PW
palestine,Palestine,PS
palesztina,Palesztina,PS
palestina,Palestina,PS
palestyna,Palestyna,PS
palästina,Palästina,PS
パレスチナ,パレスチナ,PS
palestina,Palestina,PS
palestina,Palestina,PS
palestina,Palestina,PS
palestina,Palestina,PS
an phalaistín,An Phalaistín,PS
panama,Panama,PA
パナマ,パナマ,PA
panamá,Panamá,PA
panamá,Panamá,PA
panama,Panama,PA
papua new guinea,Papua New Guinea,PG
papouasie-nouvelle-guinée,Papouasie-Nouvelle-Guinée,PG
pápua új-guinea,Pápua Új-Guinea,PG
papoea-nieuw-guinea,Papoea-Nieuw-Guinea,PG
papua-nowa gwinea,Papua-Nowa Gwinea,PG
papua-neuguinea,Papua-Neuguinea,PG
パプアニューギニア,パプアニューギニア,PG
papua nova guinia,Papua Nova Guinia,PG
papúa nueva guinea,Papúa Nueva Guinea,PG
papua-nova guiné,Papua-Nova Guiné,PG
papua ginea berria,Papua Ginea Berria,PG
nua-ghuine phapua,Nua-Ghuine Phapua,PG
paraguay,Paraguay,PY
paragwaj,Paragwaj,PY
パラグアイ,パラグアイ,PY
paraguai,Paraguai,PY
paraguaiu,Paraguaiu,PY
paraguai,Paraguai,PY
paragua,Paragua,PY
peru,Peru,PE
pérou,Pérou,PE
ペルー,ペルー,PE
perù,Perù,PE
perú,Perú,PE
peiriú,Peiriú,PE
philippines,Philippines,PH
fülöp-szigetek,Fülöp-szigetek,PH
filipijnen,Filipijnen,PH
filipiny,Filipiny,PH
philippinen,Philippinen,PH
フィリピン,フィリピン,PH
filippine,Filippine,PH
filipinas,Filipinas,PH
filipinas,Filipinas,PH
filipinak,Filipinak,PH
na hoileáin fhilipíneacha,Na hOileáin Fhilipíneacha,PH
pitcairn islands,Pitcairn Islands,PN
îles pitcairn,Îles Pitcairn,PN
pitcairn-szigetek,Pitcairn-szigetek,PN
pitcairneilanden,Pitcairneilanden,PN
wyspy pitcairn,Wyspy Pitcairn,PN
pitcairninseln,Pitcairninseln,PN
ピトケアン諸島,ピトケアン諸島,PN
pitcairni,Pitcairni,PN
islas pitcairn,Islas Pitcairn,PN
ilhas pitcairn,Ilhas Pitcairn,PN
pitcairnek,Pitcairnek,PN
oileáin pitcairn,Oileáin Pitcairn,PN
poland,Poland,PL
pologne,Pologne,PL
lengyelország,Lengyelország,PL
polen,Polen,PL
polska,Polska,PL
polen,Polen,PL
ポーランド,ポーランド,PL
polonia,Polonia,PL
polonia,Polonia,PL
polónia,Polónia,PL
polonia,Polonia,PL
an pholainn,An Pholainn,PL
portugal,Portugal,PT
portugália,Portugália,PT
portugalia,Portugalia,PT
ポルトガル,ポルトガル,PT
portughal,Portughal,PT
an phortaingéil,An Phortaingéil,PT
puerto rico,Puerto Rico,PR
porto rico,Porto Rico,PR
portoryko,Portoryko,PR
プエルトリコ,プエルトリコ,PR
puerto ricu,Puerto Ricu,PR
porto rico,Porto Rico,PR
portó ríce,Portó Ríce,PR
qatar,Qatar,QA
katar,Katar,QA
katar,Katar,QA
katar,Katar,QA
カタール,カタール,QA
catar,Catar,QA
catar,Catar,QA
catar,Catar,QA
réunion,Réunion,RE
reunion,Reunion,RE
レユニオン,レユニオン,RE
riunione,Riunione,RE
reunión,Reunión,RE
reunião,Reunião,RE
la réunion,La Réunion,RE
romania,Romania,RO
roumanie,Roumanie,RO
románia,Románia,RO
roemenië,Roemenië,RO
rumunia,Rumunia,RO
rumänien,Rumänien,RO
ルーマニア,ルーマニア,RO
rumanía,Rumanía,RO
roménia,Roménia,RO
rumania,Rumania,RO
errumania,Errumania,RO
an rómáin,An Rómáin,RO
russia,Russia,RU
russie,Russie,RU
oroszország,Oroszország,RU
rusland,Rusland,RU
rosja,Rosja,RU
russland,Russland,RU
ロシア,ロシア,RU
"russia, federazione","Russia, Federazione",RU
rusia,Rusia,RU
rússia,Rússia,RU
errusia,Errusia,RU
an rúis,An Rúis,RU
rwanda,Rwanda,RW
ruanda,Ruanda,RW
ruanda,Ruanda,RW
ルワンダ,ルワンダ,RW
ruanda,Ruanda,RW
ruanda,Ruanda,RW
ruanda,Ruanda,RW
ruanda,Ruanda,RW
ruanda,Ruanda,RW
"saint helena, ascension and tristan da cunha","Saint Helena, Ascension and Tristan da Cunha",SH
"sainte-hélène, ascension et tristan da cunha","Sainte-Hélène, Ascension et Tristan da Cunha",SH
szent ilona,Szent Ilona,SH
"sint-helena, ascension en tristan da cunha","Sint-Helena, Ascension en Tristan da Cunha",SH
"święta helena, wyspa wniebowstąpienia i tristan da cunha","Święta Helena, Wyspa Wniebowstąpienia i Tristan da Cunha",SH
"st. helena, ascension und tristan da cunha","St. Helena, Ascension und Tristan da Cunha",SH
セントヘレナ・アセンションおよびトリスタンダクーニャ,セントヘレナ・アセンションおよびトリスタンダクーニャ,SH
"santa helena, ascensione è tristan da cunha","Santa Helena, Ascensione è Tristan da Cunha",SH
"santa elena, ascensión y tristán de acuña","Santa Elena, Ascensión y Tristán de Acuña",SH
"santa helena, ascensão e tristão da cunha","Santa Helena, Ascensão e Tristão da Cunha",SH
"santa elena, ascension eta tristan da cunha","Santa Elena, Ascension eta Tristan da Cunha",SH
"san héilin, ascension agus tristan da cunha","San Héilin, Ascension agus Tristan da Cunha",SH
saint kitts and nevis,Saint Kitts and Nevis,KN
saint-christophe-et-niévès,Saint-Christophe-et-Niévès,KN
saint kitts és nevis,Saint Kitts és Nevis,KN
saint kitts en nevis,Saint Kitts en Nevis,KN
saint kitts i nevis,Saint Kitts i Nevis,KN
st. kitts und nevis,St. Kitts und Nevis,KN
セントクリストファー・ネイビス,セントクリストファー・ネイビス,KN
santu krisku eta nevis,Santu Krisku eta Nevis,KN
san cristóbal y nieves,San Cristóbal y Nieves,KN
são cristóvão e nevis,São Cristóvão e Nevis,KN
saint kitts eta nevis,Saint Kitts eta Nevis,KN
san críostóir agus nimheas,San Críostóir agus Nimheas,KN
saint lucia,Saint Lucia,LC
sainte-lucie,Sainte-Lucie,LC
st. lucia,St. Lucia,LC
セントルシア,セントルシア,LC
santa lucia,Santa Lucia,LC
santa lucía,Santa Lucía,LC
santa lúcia,Santa Lúcia,LC
santa luzia,Santa Luzia,LC
san lúisia,San Lúisia,LC
saint pierre and miquelon,Saint Pierre and Miquelon,PM
saint-pierre-et-miquelon,Saint-Pierre-et-Miquelon,PM
saint-pierre és miquelon saint-pierre és miquelon,Saint-Pierre és Miquelon Saint-Pierre és Miquelon,PM
saint-pierre en miquelon,Saint-Pierre en Miquelon,PM
saint-pierre i miquelon,Saint-Pierre i Miquelon,PM
saint-pierre und miquelon,Saint-Pierre und Miquelon,PM
サンピエール・エ・ミクロン,サンピエール・エ・ミクロン,PM
san pietru è miquelonu,San Pietru è Miquelonu,PM
san pedro y miquelón,San Pedro y Miquelón,PM
são pedro e miquelão,São Pedro e Miquelão,PM
san piarres eta mikeloia,San Piarres eta Mikeloia,PM
saint-pierre agus miquelon,Saint-Pierre agus Miquelon,PM
saint vincent and the grenadines,Saint Vincent and the Grenadines,VC
saint-vincent-et-les grenadines,Saint-Vincent-et-les Grenadines,VC
saint vincent és a grenadine-szigetek,Saint Vincent és a Grenadine-szigetek,VC
saint vincent en de grenadines,Saint Vincent en de Grenadines,VC
saint vincent i grenadyny,Saint Vincent i Grenadyny,VC
saint vincent und die grenadinen,Saint Vincent und die Grenadinen,VC
セントビンセント・グレナディーン,セントビンセント・グレナディーン,VC
san vincente è e grenadine,San Vincente è e Grenadine,VC
san vicente y las granadinas,San Vicente y las Granadinas,VC
são vicente e granadinas,São Vicente e Granadinas,VC
saint vincent eta grenadinak,Saint Vincent eta Grenadinak,VC
san uinseann agus na grenadines,San Uinseann agus na Grenadines,VC
samoa,Samoa,WS
szamoa,Szamoa,WS
サモア,サモア,WS
samó,Samó,WS
san marino,San Marino,SM
saint-marin,Saint-Marin,SM
サンマリノ,サンマリノ,SM
san marinho,San Marinho,SM
san marinu,San Marinu,SM
san mairíne,San Mairíne,SM
são tomé and príncipe,São Tomé and Príncipe,ST
sao tomé-et-principe,Sao Tomé-et-Principe,ST
são tomé és príncipe,São Tomé és Príncipe,ST
são tomé en principe,São Tomé en Principe,ST
wyspy świętego tomasza i książęca,Wyspy Świętego Tomasza i Książęca,ST
são tomé und príncipe,São Tomé und Príncipe,ST
サントメ・プリンシペ,サントメ・プリンシペ,ST
san tomè è principe,San Tomè è Principe,ST
santo tomé y príncipe,Santo Tomé y Príncipe,ST
são tomé e príncipe,São Tomé e Príncipe,ST
sao tome eta principe,Sao Tome eta Principe,ST
são tomé agus príncipe,São Tomé agus Príncipe,ST
saudi arabia,Saudi Arabia,SA
arabie saoudite,Arabie saoudite,SA
szaúd-arábia,Szaúd-Arábia,SA
saoedi-arabië,Saoedi-Arabië,SA
arabia saudyjska,Arabia Saudyjska,SA
saudi-arabien,Saudi-Arabien,SA
サウジアラビア,サウジアラビア,SA
arabia saudita,Arabia Saudita,SA
arábia saudita,Arábia Saudita,SA
arabia saudita,Arabia Saudita,SA
an araib shádach,An Araib Shádach,SA
senegal,Senegal,SN
sénégal,Sénégal,SN
szenegál,Szenegál,SN
セネガル,セネガル,SN
an tseineagáil,An tSeineagáil,SN
serbia,Serbia,RS
serbie,Serbie,RS
szerbia,Szerbia,RS
servië,Servië,RS
serbien,Serbien,RS
セルビア,セルビア,RS
sérvia,Sérvia,RS
an tseirbia,An tSeirbia,RS
seychelles,Seychelles,SC
seychelle-szigetek,Seychelle-szigetek,SC
seychellen,Seychellen,SC
seszele,Seszele,SC
seychellen,Seychellen,SC
セーシェル,セーシェル,SC
seicheles,Seicheles,SC
seychelleak,Seychelleak,SC
na séiséil,Na Séiséil,SC
sierra leone,Sierra Leone,SL
シエラレオネ,シエラレオネ,SL
sierra leona,Sierra Leona,SL
serra leoa,Serra Leoa,SL
sierra leoa,Sierra Leoa,SL
siarra leon,Siarra Leon,SL
singapore,Singapore,SG
singapour,Singapour,SG
singapur,Singapur,SG
singapur,Singapur,SG
szingapúr,Szingapúr,SG
singapore,Singapore,SG
singapur,Singapur,SG
singapura,Singapura,SG
singapur,Singapur,SG
シンガポール,シンガポール,SG
singapura,Singapura,SG
singeapór,Singeapór,SG
slovakia,Slovakia,SK
slovaquie,Slovaquie,SK
szlovákia,Szlovákia,SK
slowakije,Slowakije,SK
słowacja,Słowacja,SK
slowakei,Slowakei,SK
スロバキア,スロバキア,SK
slovacchia,Slovacchia,SK
eslovaquia,Eslovaquia,SK
eslováquia,Eslováquia,SK
eslovakia,Eslovakia,SK
an tslóvaic,An tSlóvaic,SK
slovenia,Slovenia,SI
slovénie,Slovénie,SI
szlovénia,Szlovénia,SI
slovenië,Slovenië,SI
słowenia,Słowenia,SI
slowenien,Slowenien,SI
スロベニア,スロベニア,SI
eslovenia,Eslovenia,SI
eslovênia,Eslovênia,SI
sluvènia,Sluvènia,SI
eslovenia,Eslovenia,SI
an tslóivéin,An tSlóivéin,SI
solomon islands,Solomon Islands,SB
îles salomon,Îles Salomon,SB
salamon-szigetek,Salamon-szigetek,SB
salomonseilanden,Salomonseilanden,SB
wyspy salomona,Wyspy Salomona,SB
salomoneninseln,Salomoneninseln,SB
ソロモン諸島,ソロモン諸島,SB
isole salomone,Isole Salomone,SB
islas salomón,Islas Salomón,SB
ilhas salomão,Ilhas Salomão,SB
salomon uharteak,Salomon Uharteak,SB
oileáin sholaimh,Oileáin Sholaimh,SB
somalia,Somalia,SO
somalie,Somalie,SO
somalia,Somalia,SO
somalia,Somalia,SO
szomália,Szomália,SO
somalië,Somalië,SO
somalia,Somalia,SO
somália,Somália,SO
somalia,Somalia,SO
ソマリア,ソマリア,SO
somalia,Somalia,SO
an tsomáil,An tSomáil,SO
south africa,South Africa,ZA
afrique du sud,Afrique du Sud,ZA
dél-afrikai köztársaság,Dél-afrikai Köztársaság,ZA
zuid-afrika,Zuid-Afrika,ZA
południowa afryka,Południowa Afryka,ZA
südafrika,Südafrika,ZA
南アフリカ,南アフリカ,ZA
africa di sud,Africa di Sud,ZA
sudáfrica,Sudáfrica,ZA
áfrica do sul,África do Sul,ZA
hegoafrika,Hegoafrika,ZA
an afraic theas,An Afraic Theas,ZA
south georgia and the south sandwich islands,South Georgia and the South Sandwich Islands,GS
géorgie du sud et les îles sandwich du sud,Géorgie du Sud et les îles Sandwich du Sud,GS
déli-georgia és déli-sandwich-szigetek,Déli-Georgia és Déli-Sandwich-szigetek,GS
zuid-georgië en de zuidelijke sandwicheilanden,Zuid-Georgië en de Zuidelijke Sandwicheilanden,GS
georgia południowa i sandwich południowy,Georgia Południowa i Sandwich Południowy,GS
südgeorgien und die südlichen sandwichinseln,Südgeorgien und die Südlichen Sandwichinseln,GS
南ジョージア島および南サンドウィッチ諸島,南ジョージア島および南サンドウィッチ諸島,GS
sud-giorgia è isule di sandwitch,Sud-Giorgia è isule di Sandwitch,GS
islas georgias del sur y sandwich del sur,Islas Georgias del Sur y Sandwich del Sur,GS
geórgia do sul e ilhas sandwich do sul,Geórgia do Sul e Ilhas Sandwich do Sul,GS
hegoaldeko georgiak eta hegoaldeko sandwichak,Hegoaldeko Georgiak eta Hegoaldeko Sandwichak,GS
an tseoirsia theas agus oileáin sandwich theas,An tSeoirsia Theas agus Oileáin Sandwich Theas,GS
south korea,South Korea,KR
corée du sud,Corée du Sud,KR
dél-korea (koreai köztársaság),Dél-Korea (Koreai Köztársaság),KR
zuid-korea,Zuid-Korea,KR
korea południowa,Korea Południowa,KR
südkorea,Südkorea,KR
韓国,韓国,KR
corea di sud,Corea di Sud,KR
corea del sur,Corea del Sur,KR
coreia do sul,Coreia do Sul,KR
hego korea,Hego Korea,KR
an chóiré theas,An Chóiré Theas,KR
south sudan,South Sudan,SS
soudan du sud,Soudan du Sud,SS
dél-szudán,Dél-Szudán,SS
zuid-soedan,Zuid-Soedan,SS
sudan południowy,Sudan Południowy,SS
südsudan,Südsudan,SS
南スーダン,南スーダン,SS
sud di sur,Sud di Sur,SS
sudán del sur,Sudán del Sur,SS
sudão do sul,Sudão do Sul,SS
hego sudán,Hego Sudán,SS
an tsúdáin theas,An tSúdáin Theas,SS
spain,Spain,ES
espagne,Espagne,ES
spanyolország,Spanyolország,ES
spanje,Spanje,ES
hiszpania,Hiszpania,ES
spanien,Spanien,ES
スペイン,スペイン,ES
spagna,Spagna,ES
espainia,Espainia,ES
espanha,Espanha,ES
españa,España,ES
an spáinn,An Spáinn,ES
sri lanka,Sri Lanka,LK
srí lanka,Srí Lanka,LK
スリランカ,スリランカ,LK
srí lanca,Srí Lanca,LK
sudan,Sudan,SD
soudan,Soudan,SD
szudán,Szudán,SD
soedan,Soedan,SD
スーダン,スーダン,SD
sudán,Sudán,SD
sudão,Sudão,SD
an tsúdáin,An tSúdáin,SD
suriname,Suriname,SR
surinam,Surinam,SR
スリナム,スリナム,SR
surinam,Surinam,SR
surinami,Surinami,SR
surinam,Surinam,SR
suranam,Suranam,SR
svalbard and jan mayen,Svalbard and Jan Mayen,SJ
svalbard et jan mayen,Svalbard et Jan Mayen,SJ
norvégia spitzbergák és jan mayen-sziget,Norvégia Spitzbergák és Jan Mayen-sziget,SJ
spitsbergen en jan mayen,Spitsbergen en Jan Mayen,SJ
svalbard i jan mayen,Svalbard i Jan Mayen,SJ
spitzbergen und jan mayen,Spitzbergen und Jan Mayen,SJ
スヴァールバル諸島とヤンマイエン,スヴァールバル諸島とヤンマイエン,SJ
svalbard è jan mayen,Svalbard è Jan Mayen,SJ
svalbard y jan mayen,Svalbard y Jan Mayen,SJ
svalbard e jan mayen,Svalbard e Jan Mayen,SJ
svalbard eta jan mayen,Svalbard eta Jan Mayen,SJ
svalbard agus jan mayen,Svalbard agus Jan Mayen,SJ
sweden,Sweden,SE
suède,Suède,SE
svédország,Svédország,SE
zweden,Zweden,SE
szwecja,Szwecja,SE
schweden,Schweden,SE
スウェーデン,スウェーデン,SE
svezia,Svezia,SE
suecia,Suecia,SE
suécia,Suécia,SE
suedia,Suedia,SE
an tsualainn,An tSualainn,SE
switzerland,Switzerland,CH
suisse,Suisse,CH
svájc,Svájc,CH
zwitserland,Zwitserland,CH
szwajcaria,Szwajcaria,CH
schweiz,Schweiz,CH
スイス,スイス,CH
svizzera,Svizzera,CH
suiza,Suiza,CH
suíça,Suíça,CH
suitza,Suitza,CH
an eilvéis,An Eilvéis,CH
syria,Syria,SY
syrie,Syrie,SY
szíria,Szíria,SY
syrië,Syrië,SY
syrien,Syrien,SY
シリア,シリア,SY
siria,Siria,SY
siria,Siria,SY
síria,Síria,SY
siria,Siria,SY
an tsiria,An tSiria,SY
taiwan,Taiwan,TW
taïwan,Taïwan,TW
tajvan,Tajvan,TW
tajwan,Tajwan,TW
台湾,台湾,TW
taiwán,Taiwán,TW
an téaváin,An Téaváin,TW
tajikistan,Tajikistan,TJ
tadjikistan,Tadjikistan,TJ
tádzsikisztán,Tádzsikisztán,TJ
tadzjikistan,Tadzjikistan,TJ
tadżykistan,Tadżykistan,TJ
tadschikistan,Tadschikistan,TJ
タジキスタン,タジキスタン,TJ
tayikistán,Tayikistán,TJ
tajiquistão,Tajiquistão,TJ
tadjikistan,Tadjikistan,TJ
an táidsíceastáin,An Táidsíceastáin,TJ
tanzania,Tanzania,TZ
tanzanie,Tanzanie,TZ
tanzánia,Tanzánia,TZ
tansania,Tansania,TZ
タンザニア,タンザニア,TZ
"tanzania, republica unita di","Tanzania, Republica unita di",TZ
tanzânia,Tanzânia,TZ
an tansáin,An Tansáin,TZ
thailand,Thailand,TH
thaïlande,Thaïlande,TH
tailandia,Tailandia,TH
thailandia,Thailandia,TH
thaiföld,Thaiföld,TH
thailand,Thailand,TH
tajlandia,Tajlandia,TH
tailândia,Tailândia,TH
thailand,Thailand,TH
タイ,タイ,TH
thailandu,Thailandu,TH
an téalainn,An Téalainn,TH
timor-leste,Timor-Leste,TL
kelet-timor,Kelet-Timor,TL
oost-timor,Oost-Timor,TL
timor wschodni,Timor Wschodni,TL
osttimor,Osttimor,TL
東ティモール,東ティモール,TL
timor orientale,Timor orientale,TL
timor oriental,Timor oriental,TL
timor oriental,Timor Oriental,TL
ekialdeko timor,Ekialdeko Timor,TL
tíomór thoir,Tíomór Thoir,TL
togo,Togo,TG
トーゴ,トーゴ,TG
tóga,Tóga,TG
tokelau,Tokelau,TK
tokelau-szigetek,Tokelau-szigetek,TK
トケラウ,トケラウ,TK
tócalá,Tócalá,TK
tonga,Tonga,TO
トンガ,トンガ,TO
tonga,Tonga,TO
trinidad and tobago,Trinidad and Tobago,TT
trinité-et-tobago,Trinité-et-Tobago,TT
trinidad és tobago,Trinidad és Tobago,TT
trinidad en tobago,Trinidad en Tobago,TT
trynidad i tobago,Trynidad i Tobago,TT
trinidad und tobago,Trinidad und Tobago,TT
トリニダード・トバゴ,トリニダード・トバゴ,TT
trinidad y tobago,Trinidad y Tobago,TT
trinidad e tobago,Trinidad e Tobago,TT
trinitate eta tobago,Trinitate eta Tobago,TT
trinidad eta tobago,Trinidad eta Tobago,TT
oileán na tríonóide agus tobága,Oileán na Tríonóide agus Tobága,TT
tunisia,Tunisia,TN
tunisie,Tunisie,TN
tunézia,Tunézia,TN
tunesië,Tunesië,TN
tunezja,Tunezja,TN
tunesien,Tunesien,TN
チュニジア,チュニジア,TN
túnez,Túnez,TN
tunísia,Tunísia,TN
an túinéis,An Túinéis,TN
türkiye,Türkiye,TR
turquie,Turquie,TR
törökország,Törökország,TR
turkije,Turkije,TR
turcja,Turcja,TR
türkei,Türkei,TR
トルコ,トルコ,TR
turchia,Turchia,TR
turquía,Turquía,TR
turquia,Turquia,TR
turkia,Turkia,TR
an tuirc,An Tuirc,TR
turkmenistan,Turkmenistan,TM
turkménistan,Turkménistan,TM
türkmenisztán,Türkmenisztán,TM
トルクメニスタン,トルクメニスタン,TM
turkmenistán,Turkmenistán,TM
turquemenistão,Turquemenistão,TM
turkmenistanu,Turkmenistanu,TM
an tuircméanastáin,An Tuircméanastáin,TM
turks and caicos islands,Turks and Caicos Islands,TC
îles turques-et-caïques,Îles Turques-et-Caïques,TC
islas turcas y caicos,Islas Turcas y Caicos,TC
turks eta caicos uharteak,Turks eta Caicos Uharteak,TC
turks- és caicos-szigetek,Turks- és Caicos-szigetek,TC
turks- en caicoseilanden,Turks- en Caicoseilanden,TC
turks i caicos,Turks i Caicos,TC
ilhas turks e caicos,Ilhas Turks e Caicos,TC
turks- und caicosinseln,Turks- und Caicosinseln,TC
タークス・カイコス諸島,タークス・カイコス諸島,TC
turchini è caiques,Turchini è Caiques,TC
oileáin na dturcach agus caicos,Oileáin na dTurcach agus Caicos,TC
tuvalu,Tuvalu,TV
ツバル,ツバル,TV
tuvalu,Tuvalu,TV
u.s. virgin islands,U.S. Virgin Islands,VI
îles vierges des états-unis,Îles Vierges des États-Unis,VI
amerikai virgin-szigetek,Amerikai Virgin-szigetek,VI
amerikaanse maagdeneilanden,Amerikaanse Maagdeneilanden,VI
wyspy dziewicze stanów zjednoczonych,Wyspy Dziewicze Stanów Zjednoczonych,VI
amerikanische jungferninseln,Amerikanische Jungferninseln,VI
アメリカ領ヴァージン諸島,アメリカ領ヴァージン諸島,VI
isule vergine americane,Isule Vergine Americane,VI
islas vírgenes de los estados unidos,Islas Vírgenes de los Estados Unidos,VI
ilhas virgens dos estados unidos,Ilhas Virgens dos Estados Unidos,VI
birjina uharte amerikarrak,Birjina uharte amerikarrak,VI
oileáin na maighdean s.a.m.,Oileáin na Maighdean S.A.M.,VI
uganda,Uganda,UG
ouganda,Ouganda,UG
oeganda,Oeganda,UG
ウガンダ,ウガンダ,UG
uganda,Uganda,UG
ukraine,Ukraine,UA
ukrajna,Ukrajna,UA
oekraïne,Oekraïne,UA
ukraina,Ukraina,UA
ウクライナ,ウクライナ,UA
ukraina,Ukraina,UA
ucrania,Ucrania,UA
ucrânia,Ucrânia,UA
ukraina,Ukraina,UA
an úcráin,An Úcráin,UA
united arab emirates,United Arab Emirates,AE
émirats arabes unis,Émirats arabes unis,AE
egyesült arab emírségek,Egyesült Arab Emírségek,AE
verenigde arabische emiraten,Verenigde Arabische Emiraten,AE
zjednoczone emiraty arabskie,Zjednoczone Emiraty Arabskie,AE
vereinigte arabische emirate,Vereinigte Arabische Emirate,AE
アラブ首長国連邦,アラブ首長国連邦,AE
emirati arabbi uniti,Emirati Arabbi Uniti,AE
emiratos árabes unidos,Emiratos Árabes Unidos,AE
emirados árabes unidos,Emirados Árabes Unidos,AE
arabiar emirerri batuak,Arabiar Emirerri Batuak,AE
aontas na néimíríochtaí arabacha,Aontas na nÉimíríochtaí Arabacha,AE
united kingdom,United Kingdom,GB
royaume-uni,Royaume-Uni,GB
egyesült királyság,Egyesült Királyság,GB
verenigd koninkrijk,Verenigd Koninkrijk,GB
wielka brytania,Wielka Brytania,GB
vereinigtes königreich,Vereinigtes Königreich,GB
イギリス,イギリス,GB
regnu unitu,Regnu Unitu,GB
reino unido,Reino Unido,GB
reino unido,Reino Unido,GB
erresuma batua,Erresuma Batua,GB
an ríocht aontaithe,An Ríocht Aontaithe,GB
united states of america,United States of America,US
états-unis d'amérique,ÉTATS-UNIS D'AMÉRIQUE,US
amerikai egyesült államok,Amerikai Egyesült Államok,US
verenigde staten van amerika,VERENIGDE STATEN VAN AMERIKA,US
stany zjednoczone ameryki,STANY ZJEDNOCZONE AMERYKI,US
vereinigten staaten von amerika,VEREINIGTEN STAATEN VON AMERIKA,US
アメリカ合衆国,アメリカ合衆国,US
stati uniti d'america,STATI UNITI D'AMERICA,US
estados unidos de américa,ESTADOS UNIDOS DE AMÉRICA,US
estados unidos da américa,Estados Unidos da América,US
ameriketako estatu batuak,Ameriketako Estatu Batuak,US
stáit aontaithe mheiriceá,Stáit Aontaithe Mheiriceá,US
uruguay,Uruguay,UY
urugwaj,Urugwaj,UY
ウルグアイ,ウルグアイ,UY
uruguai,Uruguai,UY
uruguaiana,Uruguaiana,UY
uruguai,Uruguai,UY
uraiguá,Uraiguá,UY
uzbekistan,Uzbekistan,UZ
ouzbékistan,Ouzbékistan,UZ
üzbegisztán,Üzbegisztán,UZ
oezbekistan,Oezbekistan,UZ
usbekistan,Usbekistan,UZ
ウズベキスタン,ウズベキスタン,UZ
uzbekistán,Uzbekistán,UZ
uzbequistão,Uzbequistão,UZ
uzbekistanu,Uzbekistanu,UZ
úisbéiceastáin,Úisbéiceastáin,UZ
vanuatu,Vanuatu,VU
バヌアツ,バヌアツ,VU
vanuatú,Vanuatú,VU
vatican city,Vatican City,VA
cité du vatican,Cité du Vatican,VA
vatikán,Vatikán,VA
vaticaanstad,Vaticaanstad,VA
watykan,Watykan,VA
vatikanstadt,Vatikanstadt,VA
バチカン市国,バチカン市国,VA
cità di u vaticanu,Cità di u Vaticanu,VA
ciudad del vaticano,Ciudad del Vaticano,VA
vaticano,Vaticano,VA
vatikano hiria,Vatikano Hiria,VA
cathair na vatacáine,Cathair na Vatacáine,VA
venezuela,Venezuela,VE
wenezuela,Wenezuela,VE
ベネズエラ,ベネズエラ,VE
veiniséala,Veiniséala,VE
vietnam,Vietnam,VN
viêt nam,Viêt Nam,VN
vietnám,Vietnám,VN
wietnam,Wietnam,VN
ベトナム,ベトナム,VN
vietnamu,Vietnamu,VN
vietname,Vietname,VN
vítneam,Vítneam,VN
wallis and futuna,Wallis and Futuna,WF
wallis-et-futuna,Wallis-et-Futuna,WF
wallis és futuna wallis és futuna,Wallis és Futuna Wallis és Futuna,WF
wallis en futuna,Wallis en Futuna,WF
wallis i futuna,Wallis i Futuna,WF
wallis und futuna,Wallis und Futuna,WF
ウォリス・フツナ,ウォリス・フツナ,WF
wallis è futuna,Wallis è Futuna,WF
wallis y futuna,Wallis y Futuna,WF
wallis e futuna,Wallis e Futuna,WF
wallis eta futuna,Wallis eta Futuna,WF
wallis agus futuna,Wallis agus Futuna,WF
western sahara,Western Sahara,EH
sahara occidental,Sahara occidental,EH
nyugat-szahara,Nyugat-Szahara,EH
westelijke sahara,Westelijke Sahara,EH
sahara zachodnia,Sahara Zachodnia,EH
westsahara,Westsahara,EH
西サハラ,西サハラ,EH
sahara di u rettu,Sahara di u Rettu,EH
república árabe saharaui democrática,República Árabe Saharaui Democrática,EH
saara ocidental,Saara Ocidental,EH
mendebaldeko sahara,Mendebaldeko Sahara,EH
an sahára thiar,An Sahára Thiar,EH
yemen,Yemen,YE
yémen,Yémen,YE
jemen,Jemen,YE
jemen,Jemen,YE
jemen,Jemen,YE
jemen,Jemen,YE
イエメン,イエメン,YE
iêmen,Iêmen,YE
yemenu,Yemenu,YE
éimin,Éimin,YE
zambia,Zambia,ZM
zambie,Zambie,ZM
sambia,Sambia,ZM
ザンビア,ザンビア,ZM
zâmbia,Zâmbia,ZM
an tsaimbia,An tSaimbia,ZM
zimbabwe,Zimbabwe,ZW
simbabwe,Simbabwe,ZW
ジンバブエ,ジンバブエ,ZW
zimbabue,Zimbabue,ZW
an tsiombáib,An tSiombáib,ZW
curaçao,Curaçao,CW
キュラソー,キュラソー,CW
curazao,Curazao,CW
curaçau,CURAÇAU,CW
curaçau,Curaçau,CW
curaçao,Curaçao,CW
caribbean netherlands,Caribbean Netherlands,BQ
pays-bas caribéens,Pays-Bas caribéens,BQ
karibische niederlande,Karibische Niederlande,BQ
caribe neerlandés,Caribe Neerlandés,BQ
カリブ・オランダ,カリブ・オランダ,BQ
caribisch nederland,Caribisch Nederland,BQ
karaiby holenderskie,Karaiby Holenderskie,BQ
países baixos caribenhos,Países Baixos Caribenhos,BQ
karibi hollandia,KARIBI HOLLANDIA,BQ
nazione corsa di caribbi,Nazione Corsa Di Caribbi,BQ
karibe holandarrek,Karibe Holandarrek,BQ
"bonaire, sint eustatius agus saba","Bonaire, Sint Eustatius agus Saba",BQ
marshall islands,Marshall Islands,MH
marshall uharteak,Marshall Uharteak,MH
marshallinseln,Marshallinseln,MH
islas marshall,Islas Marshall,MH
îles marshall,Îles Marshall,MH
マーシャル諸島,マーシャル諸島,MH
marshalleilanden,Marshalleilanden,MH
wyspy marshalla,Wyspy Marshalla,MH
ilhas marshall,Ilhas Marshall,MH
isole marshall,Isole Marshall,MH
marshall-szigetek,MARSHALL-SZIGETEK,MH
oileáin marshall,Oileáin Marshall,MH
saint barthélemy,Saint Barthélemy,BL
saint-barthélemy,Saint-Barthélemy,BL
san bartolomé,San Bartolomé,BL
saint-barthélemy,Saint-Barthélemy,BL
saint-barthélemy,Saint-Barthélemy,BL
saint-barthélemy,SAINT-BARTHÉLEMY,BL
são bartolomeu,São Bartolomeu,BL
saint-barthélemy,Saint-Barthélemy,BL
サン・バルテルミー,サン・バルテルミー,BL
san bartulimu,San Bartulimu,BL
naomh bartalamais,Naomh Bartalamais,BL
sint maarten,Sint Maarten,SX
sint-maarten,Sint-Maarten,SX
シント・マールテン,シント・マールテン,SX
sint-maarten,SINT-MAARTEN,SX
são martinho (países baixos),São Martinho (Países Baixos),SX
santa martinu,Santa Martinu,SX
sint maarten,Sint Maarten,SX
saint martin,Saint Martin,MF
san martín,San Martín,MF
saint-martin,SAINT-MARTIN,MF
saint-martin,Saint-Martin,MF
saint-martin,SAINT-MARTIN,MF
saint-martin,SAINT-MARTIN,MF
são martinho (frança),São Martinho (França),MF
sint-maarten,Sint-Maarten,MF
サン・マルタン,サン・マルタン,MF
santa martinu,Santa Martinu,MF
saint-martin,Saint-Martin,MF
åland,Åland,AX
wyspy alandzkie,Wyspy Alandzkie,AX
alanda,ALANDA,AX
オーランド,オーランド,AX
ålanda,Ålanda,AX
ålandak,Ålandak,AX
oileáin åland,Oileáin Åland,AX
