[
  {
    "code": "AF",
    "name": "Afghanistan",
    "longitude": 67.709953,
    "latitude": 33.93911,
    "names": {
      "hu": "Afganisztán",
      "pl": "Afganistan",
      "ja": "アフガニスタン",
      "es": "Afganistán",
      "pt": "Afeganistão",
      "co": "Afganistanu",
      "eu": "Afganistan",
      "ie": "An Afganastáin"
    }
  },
  {
    "code": "AL",
    "name": "Albania",
    "longitude": 20.168331,
    "latitude": 41.153332,
    "names": {
      "fr": "Albanie",
      "hu": "Albánia",
      "nl": "Albanië",
      "de": "Albanien",
      "ja": "アルバニア",
      "pt": "Albânia",
      "co": "Alba",
      "ie": "An Albáin"
    }
  },
  {
    "code": "DZ",
    "name": "Algeria",
    "longitude": 1.659626,
    "latitude": 28.033886,
    "names": {
      "fr": "Algérie",
      "hu": "Algéria",
      "nl": "Algerije",
      "pl": "Algieria",
      "de": "Algerien",
      "ja": "アルジェリア",
      "es": "Argelia",
      "pt": "Argélia",
      "ie": "An Ailgéir"
    }
  },
  {
    "code": "AS",
    "name": "American Samoa",
    "longitude": -170.132217,
    "latitude": -14.270972,
    "names": {
      "fr": "Samoa américaines",
      "hu": "Amerikai Szamoa",
      "nl": "Amerikaans-Samoa",
      "pl": "Samoa Amerykańskie",
      "de": "Amerikanisch-Samoa",
      "ja": "アメリカンサモア",
      "co": "Samoa Americana",
      "es": "Samoa Americana",
      "pt": "Samoa Americana",
      "eu": "Amerikar Samoa",
      "ie": "Samó na Meiriceá"
    }
  },
  {
    "code": "AD",
    "name": "Andorra",
    "longitude": 1.601554,
    "latitude": 42.546245,
    "names": {
      "fr": "Andorre",
      "pl": "Andora",
      "ja": "アンドラ",
      "co": "Andura",
      "ie": "Andóra"
    }
  },
  {
    "code": "AO",
    "name": "Angola",
    "longitude": 17.873887,
    "latitude": -11.202692,
    "names": {
      "ja": "アンゴラ",
      "ie": "Angóla"
    }
  },
  {
    "code": "AI",
    "name": "Anguilla",
    "longitude": -63.068615,
    "latitude": 18.220554,
    "names": {
      "ja": "アンギラ",
      "es": "Anguila",
      "eu": "Aingira",
      "ie": "Anguilla"
    }
  },
  {
    "code": "AQ",
    "name": "Antarctica",
    "longitude": -0.071389,
    "latitude": -75.250973,
    "names": {
      "fr": "Antarctique",
      "hu": "Antarktisz",
      "pl": "Antarktyda",
      "de": "Antarktika",
      "ja": "南極",
      "co": "Antartica",
      "es": "Antártida",
      "pt": "Antártida",
      "eu": "Antartika",
      "ie": "An Antartach"
    }
  },
  {
    "code": "AG",
    "name": "Antigua and Barbuda",
    "longitude": -61.796428,
    "latitude": 17.060816,
    "names": {
      "fr": "Antigua-et-Barbuda",
      "hu": "Antigua és Barbuda",
      "nl": "Antigua en Barbuda",
      "pl": "Antigua i Barbuda",
      "de": "Antigua und Barbuda",
      "ja": "アンティグア・バーブーダ",
      "co": "Antigua è Barbuda",
      "es": "Antigua y Barbuda",
      "pt": "Antígua e Barbuda",
      "eu": "Antigua eta Barbuda",
      "ie": "Antigua agus Barbúda"
    }
  },
  {
    "code": "AR",
    "name": "Argentina",
    "longitude": -63.616672,
    "latitude": -38.416097,
    "names": {
      "fr": "Argentine",
      "hu": "Argentína",
      "nl": "Argentinië",
      "pl": "Argentyna",
      "de": "Argentinien",
      "ja": "アルゼンチン",
      "ie": "An Airgintín"
    }
  },
  {
    "code": "AM",
    "name": "Armenia",
    "longitude": 45.038189,
    "latitude": 40.069099,
    "names": {
      "fr": "Arménie",
      "hu": "Örményország",
      "nl": "Armenië",
      "de": "Armenien",
      "ja": "アルメニア",
      "pt": "Armênia",
      "ie": "An Airméin"
    }
  },
  {
    "code": "AW",
    "name": "Aruba",
    "longitude": -69.968338,
    "latitude": 12.52111,
    "names": {
      "fr": "Aruba",
      "es": "Aruba",
      "eu": "Aruba",
      "hu": "Aruba",
      "nl": "Aruba",
      "pl": "Aruba",
      "pt": "Aruba",
      "de": "Aruba",
      "ja": "アルバ",
      "co": "Aruba",
      "ie": "Arúba"
    }
  },
  {
    "code": "AU",
    "name": "Australia",
    "longitude": 133.775136,
    "latitude": -25.274398,
    "names": {
      "fr": "Australie",
      "hu": "Ausztrália",
      "nl": "Australië",
      "de": "Australien",
      "ja": "オーストラリア",
      "pt": "Austrália",
      "ie": "An Astráil"
    }
  },
  {
    "code": "AT",
    "name": "Austria",
    "longitude": 14.550072,
    "latitude": 47.516231,
    "names": {
      "fr": "Autriche",
      "hu": "Ausztria",
      "nl": "Oostenrijk",
      "de": "Österreich",
      "ja": "オーストリア",
      "pt": "Áustria",
      "co": "Austrìa",
      "ie": "An Ostair"
    }
  },
  {
    "code": "AZ",
    "name": "Azerbaijan",
    "longitude": 47.576927,
    "latitude": 40.143105,
    "names": {
      "fr": "Azerbaïdjan",
      "hu": "Azerbajdzsán",
      "nl": "Azerbeidzjan",
      "pl": "Azerbejdżan",
      "de": "Aserbaidschan",
      "ja": "アゼルバイジャン",
      "co": "Azerbaidzanu",
      "es": "Azerbaiyán",
      "pt": "Azerbaijão",
      "ie": "An Asarbaiseáin"
    }
  },
  {
    "code": "BS",
    "name": "Bahamas",
    "longitude": -77.39628,
    "latitude": 25.03428,
    "names": {
      "hu": "Bahama-szigetek",
      "nl": "Bahama's",
      "pl": "Bahamy",
      "ja": "バハマ",
      "eu": "Bahamak",
      "ie": "Na Bahámaí"
    }
  },
  {
    "code": "BH",
    "name": "Bahrain",
    "longitude": 50.637772,
    "latitude": 25.930414,
    "names": {
      "fr": "Bahreïn",
      "hu": "Bahrein",
      "nl": "Bahrein",
      "pl": "Bahrajn",
      "ja": "バーレーン",
      "es": "Baréin",
      "pt": "Bahrein",
      "ie": "Bairéin"
    }
  },
  {
    "code": "BD",
    "name": "Bangladesh",
    "longitude": 90.356331,
    "latitude": 23.684994,
    "names": {
      "hu": "Banglades",
      "pl": "Bangladesz",
      "de": "Bangladesch",
      "ja": "バングラデシュ",
      "es": "Bangladés",
      "ie": "An Bhanglaidéis"
    }
  },
  {
    "code": "BB",
    "name": "Barbados",
    "longitude": -59.543198,
    "latitude": 13.193887,
    "names": {
      "fr": "Barbade",
      "ja": "バルバドス",
      "ie": "Barbadós"
    }
  },
  {
    "code": "BY",
    "name": "Belarus",
    "longitude": 27.953389,
    "latitude": 53.709807,
    "names": {
      "fr": "Biélorussie",
      "hu": "Fehéroroszország",
      "pl": "Białoruś",
      "ja": "ベラルーシ",
      "co": "Bielorussia",
      "de": "Weißrussland",
      "es": "Bielorrusia",
      "nl": "Wit-Rusland",
      "pt": "Bielorrússia",
      "eu": "Bielorrusia",
      "ie": "An Bhealarúis"
    }
  },
  {
    "code": "BE",
    "name": "Belgium",
    "longitude": 4.469936,
    "latitude": 50.503887,
    "names": {
      "fr": "Belgique",
      "nl": "België",
      "pl": "Belgia",
      "de": "Belgien",
      "ja": "ベルギー",
      "co": "Belgica",
      "es": "Bélgica",
      "pt": "Bélgica",
      "eu": "Belgika",
      "ie": "An Bheilg"
    }
  },
  {
    "code": "BZ",
    "name": "Belize",
    "longitude": -88.49765,
    "latitude": 17.189877,
    "names": {
      "ja": "ベリーズ",
      "es": "Belice",
      "ie": "An Bheilís"
    }
  },
  {
    "code": "BJ",
    "name": "Benin",
    "longitude": 2.315834,
    "latitude": 9.30769,
    "names": {
      "fr": "Bénin",
      "ja": "ベナン",
      "es": "Benín",
      "co": "Beninu",
      "ie": "Beinin"
    }
  },
  {
    "code": "BM",
    "name": "Bermuda",
    "longitude": -64.75737,
    "latitude": 32.321384,
    "names": {
      "fr": "Bermudes",
      "pl": "Bermudy",
      "ja": "バミューダ",
      "es": "Bermudas",
      "pt": "Bermudas",
      "co": "Bermudes",
      "ie": "Beirmiúda"
    }
  },
  {
    "code": "BT",
    "name": "Bhutan",
    "longitude": 90.433601,
    "latitude": 27.514162,
    "names": {
      "fr": "Bhoutan",
      "hu": "Bhután",
      "ja": "ブータン",
      "es": "Bután",
      "pt": "Butão",
      "co": "Bhutanu",
      "ie": "An Bhútáin"
    }
  },
  {
    "code": "BO",
    "name": "Bolivia",
    "longitude": -63.588653,
    "latitude": -16.290154,
    "names": {
      "fr": "Bolivie",
      "hu": "Bolívia",
      "pl": "Boliwia",
      "de": "Bolivien",
      "ja": "ボリビア",
      "co": "Bolivia (Statu plurinaziunale di)",
      "pt": "Bolívia",
      "ie": "An Bholaiv"
    }
  },
  {
    "code": "BA",
    "name": "Bosnia and Herzegovina",
    "longitude": 17.679076,
    "latitude": 43.915886,
    "names": {
      "fr": "Bosnie-Herzégovine",
      "hu": "Bosznia-Hercegovina",
      "nl": "Bosnië en Herzegovina",
      "pl": "Bośnia i Hercegowina",
      "de": "Bosnien und Herzegowina",
      "ja": "ボスニア・ヘルツェゴビナ",
      "co": "Bosnia è Erzegovina",
      "es": "Bosnia y Herzegovina",
      "pt": "Bósnia e Herzegovina",
      "eu": "Bosnia eta Herzegovina",
      "ie": "An Bhoisnia agus an Heirseagaivéin"
    }
  },
  {
    "code": "BW",
    "name": "Botswana",
    "longitude": 24.684866,
    "latitude": -22.328474,
    "names": {
      "ja": "ボツワナ",
      "es": "Botsuana",
      "ie": "An Bhotsuáin"
    }
  },
  {
    "code": "BV",
    "name": "Bouvet Island",
    "longitude": 3.413194,
    "latitude": -54.423199,
    "names": {
      "fr": "Île Bouvet",
      "hu": "Norvégia Bouvet-sziget",
      "nl": "Bouveteiland",
      "pl": "Wyspa Bouveta",
      "de": "Bouvetinsel",
      "ja": "ブーベ島",
      "co": "Isula di Bouvet",
      "es": "Isla Bouvet",
      "pt": "Ilha Bouvet",
      "eu": "Bouvet Uhartea",
      "ie": "Oileán Bouvet"
    }
  },
  {
    "code": "BR",
    "name": "Brazil",
    "longitude": -51.92528,
    "latitude": -14.235004,
    "names": {
      "fr": "Brésil",
      "hu": "Brazília",
      "nl": "Brazilië",
      "pl": "Brazylia",
      "de": "Brasilien",
      "ja": "ブラジル",
      "co": "Brasile",
      "es": "Brasil",
      "pt": "Brasil",
      "eu": "Brasil",
      "ie": "An Bhrasaíl"
    }
  },
  {
    "code": "IO",
    "name": "British Indian Ocean Territory",
    "longitude": 71.876519,
    "latitude": -6.343194,
    "names": {
      "fr": "Territoire britannique de l'océan Indien",
      "hu": "Brit Indiai-óceáni Terület",
      "nl": "Brits Indische Oceaan Gebied",
      "pl": "Brytyjskie Terytorium Oceanu Indyjskiego",
      "de": "Britisches Territorium im Indischen Ozean",
      "ja": "インド洋のイギリス領地",
      "co": "Territorio Britannicu di l'Oceano Índicu",
      "es": "Territorio Británico del Océano Índico",
      "pt": "Território Britânico do Oceano Índico",
      "eu": "Indiako Ozeanoko Britainiar Lurraldea",
      "ie": "Críoch Aigéan Indiach na Breataine"
    }
  },
  {
    "code": "VG",
    "name": "British Virgin Islands",
    "longitude": -64.639968,
    "latitude": 18.420695,
    "names": {
      "fr": "Îles Vierges britanniques",
      "hu": "Brit Virgin-szigetek",
      "nl": "Britse Maagdeneilanden",
      "pl": "Brytyjskie Wyspy Dziewicze",
      "de": "Britische Jungferninseln",
      "ja": "イギリス領ヴァージン諸島",
      "co": "Isuli Vergini Britanniche",
      "es": "Islas Vírgenes Británicas",
      "pt": "Ilhas Virgens Britânicas",
      "eu": "Birjina uharte britainiarrak",
      "ie": "Oileáin Bhriotanacha na Maighdean"
    }
  },
  {
    "code": "BN",
    "name": "Brunei",
    "longitude": 114.727669,
    "latitude": 4.535277,
    "names": {
      "fr": "Brunéi",
      "ja": "ブルネイ",
      "co": "Brunei Darussalam",
      "es": "Brunéi",
      "ie": "Brúiné"
    }
  },
  {
    "code": "BG",
    "name": "Bulgaria",
    "longitude": 25.48583,
    "latitude": 42.733883,
    "names": {
      "fr": "Bulgarie",
      "hu": "Bulgária",
      "nl": "Bulgarije",
      "pl": "Bułgaria",
      "de": "Bulgarien",
      "ja": "ブルガリア",
      "pt": "Bulgária",
      "ie": "An Bhulgáir"
    }
  },
  {
    "code": "BF",
    "name": "Burkina Faso",
    "longitude": -1.561593,
    "latitude": 12.238333,
    "names": {
      "fr": "Burkina Faso",
      "es": "Burkina Faso",
      "eu": "Burkina Faso",
      "hu": "Burkina Faso",
      "nl": "Burkina Faso",
      "pl": "Burkina Faso",
      "pt": "Burquina Fasso",
      "de": "Burkina Faso",
      "ja": "ブルキナファソ",
      "co": "Burkina Faso",
      "ie": "Buircíne Fasó"
    }
  },
  {
    "code": "BI",
    "name": "Burundi",
    "longitude": 29.918886,
    "latitude": -3.373056,
    "names": {
      "ja": "ブルンジ",
      "ie": "An Bhurúin"
    }
  },
  {
    "code": "KH",
    "name": "Cambodia",
    "longitude": 104.990963,
    "latitude": 12.565679,
    "names": {
      "fr": "Cambodge",
      "hu": "Kambodzsa",
      "nl": "Cambodja",
      "pl": "Kambodża",
      "de": "Kambodscha",
      "ja": "カンボジア",
      "co": "Cambudgia",
      "es": "Camboya",
      "pt": "Camboja",
      "eu": "Kanbodia",
      "ie": "An Chambóid"
    }
  },
  {
    "code": "CM",
    "name": "Cameroon",
    "longitude": 12.354722,
    "latitude": 7.369722,
    "names": {
      "fr": "Cameroun",
      "hu": "Kamerun",
      "nl": "Kameroen",
      "pl": "Kamerun",
      "de": "Kamerun",
      "ja": "カメルーン",
      "co": "Cameruna",
      "es": "Camerún",
      "pt": "Camarões",
      "eu": "Kamerun",
      "ie": "Camarún"
    }
  },
  {
    "code": "CA",
    "name": "Canada",
    "longitude": -106.346771,
    "latitude": 56.130366,
    "names": {
      "hu": "Kanada",
      "pl": "Kanada",
      "de": "Kanada",
      "ja": "カナダ",
      "es": "Canadá",
      "pt": "Canadá",
      "co": "Candia",
      "eu": "Kanada",
      "ie": "Ceanada"
    }
  },
  {
    "code": "CV",
    "name": "Cabo Verde",
    "longitude": -24.013197,
    "latitude": 16.002082,
    "names": {
      "fr": "Cap-Vert",
      "hu": "Zöld-foki Köztársaság",
      "nl": "Kaapverdië",
      "pl": "Zielony Przylądek",
      "de": "Kap Verde",
      "ja": "カーボベルデ",
      "co": "Capu Verde",
      "ie": "Rinn Verde"
    }
  },
  {
    "code": "KY",
    "name": "Cayman Islands",
    "longitude": -80.566956,
    "latitude": 19.513469,
    "names": {
      "fr": "Îles Caïmans",
      "hu": "Kajmán-szigetek",
      "nl": "Kaaimaneilanden",
      "pl": "Wyspy Kajmańskie",
      "ja": "ケイマン諸島",
      "co": "Isole Di Cayman",
      "es": "Islas Caimán",
      "pt": "Ilhas Cayman",
      "eu": "Kaiman Uharteak",
      "ie": "Oileáin Cayman"
    }
  },
  {
    "code": "CF",
    "name": "Central African Republic",
    "longitude": 20.939444,
    "latitude": 6.611111,
    "names": {
      "fr": "République centrafricaine",
      "hu": "Közép-Afrika",
      "nl": "Centraal-Afrikaanse Republiek",
      "pl": "Republika Środkowoafrykańska",
      "de": "Zentralafrikanische Republik",
      "ja": "中央アフリカ共和国",
      "co": "Republica Centru-Afrikarra",
      "es": "República Centroafricana",
      "pt": "República Centro-Africana",
      "eu": "Afrika Erdiko Errepublika",
      "ie": "Poblacht na hAfraice Láir"
    }
  },
  {
    "code": "TD",
    "name": "Chad",
    "longitude": 18.732207,
    "latitude": 15.454166,
    "names": {
      "fr": "Tchad",
      "hu": "Csád",
      "nl": "Tsjaad",
      "pl": "Czad",
      "de": "Tschad",
      "ja": "チャド",
      "co": "Ciad",
      "pt": "Chade",
      "eu": "Txad",
      "ie": "Sead"
    }
  },
  {
    "code": "CL",
    "name": "Chile",
    "longitude": -71.542969,
    "latitude": -35.675147,
    "names": {
      "fr": "Chili",
      "nl": "Chili",
      "ja": "チリ",
      "co": "Cile",
      "eu": "Txile",
      "ie": "An tSile"
    }
  },
  {
    "code": "CN",
    "name": "China",
    "longitude": 104.195397,
    "latitude": 35.86166,
    "names": {
      "fr": "Chine",
      "hu": "Kína",
      "pl": "Chiny",
      "de": "Volksrepublik China",
      "ja": "中国",
      "co": "Cina",
      "eu": "Txina",
      "ie": "An tSín"
    }
  },
  {
    "code": "CX",
    "name": "Christmas Island",
    "longitude": 105.690449,
    "latitude": -10.447525,
    "names": {
      "fr": "Île Christmas",
      "hu": "Karácsony-sziget",
      "nl": "Christmaseiland",
      "pl": "Wyspa Bożego Narodzenia",
      "de": "Weihnachtsinsel",
      "ja": "クリスマス島",
      "co": "Isula Di Natale",
      "es": "Isla de Navidad",
      "pt": "Ilha Christmas",
      "eu": "Christmas uhartea",
      "ie": "Oileán na Nollag"
    }
  },
  {
    "code": "CC",
    "name": "Cocos Islands",
    "longitude": 96.870956,
    "latitude": -12.164165,
    "names": {
      "fr": "Îles Cocos",
      "hu": "Kókusz (Keeling)-szigetek",
      "nl": "Cocoseilanden",
      "pl": "Wyspy Kokosowe",
      "de": "Kokosinseln",
      "ja": "ココス諸島",
      "co": "Isule Cocos",
      "es": "Islas Cocos",
      "pt": "Ilhas Cocos",
      "eu": "Cocosak",
      "ie": "Oileáin Cocos"
    }
  },
  {
    "code": "CO",
    "name": "Colombia",
    "longitude": -74.297333,
    "latitude": 4.570868,
    "names": {
      "fr": "Colombie",
      "hu": "Kolumbia",
      "pl": "Kolumbia",
      "de": "Kolumbien",
      "ja": "コロンビア",
      "pt": "Colômbia",
      "co": "Colòmbia",
      "eu": "Kolonbia",
      "ie": "An Cholóim"
    }
  },
  {
    "code": "KM",
    "name": "Comoros",
    "longitude": 43.872219,
    "latitude": -11.875001,
    "names": {
      "fr": "Comores",
      "hu": "Comore-szigetek",
      "nl": "Comoren",
      "pl": "Komory",
      "de": "Komoren",
      "ja": "コモロ",
      "co": "Cumori",
      "es": "Comoras",
      "pt": "Comores",
      "eu": "Komoreak",
      "ie": "Oileáin Chomóra"
    }
  },
  {
    "code": "CG",
    "name": "Republic of the Congo",
    "longitude": 15.827659,
    "latitude": -0.228021,
    "names": {
      "hu": "KONGÓI KÖZTÁRSASÁG",
      "nl": "Congo-Brazzaville",
      "pl": "REPUBLIKA KONGA",
      "de": "REPUBLIK KONGO",
      "ja": "コンゴ共和国",
      "co": "Republica di u Congo",
      "es": "República del Congo",
      "eu": "Kongoko Errepublika",
      "pt": "REPÚBLICA DO CONGO",
      "fr": "RÉPUBLIQUE DU CONGO",
      "ie": "An Congó"
    }
  },
  {
    "code": "CK",
    "name": "Cook Islands",
    "longitude": -159.777671,
    "latitude": -21.236736,
    "names": {
      "fr": "Îles Cook",
      "hu": "Cook-szigetek",
      "nl": "Cookeilanden",
      "pl": "Wyspy Cooka",
      "de": "Cookinseln",
      "ja": "クック諸島",
      "co": "Isule Cook",
      "es": "Islas Cook",
      "pt": "Ilhas Cook",
      "eu": "Cook Uharteak",
      "ie": "Oileáin Cook"
    }
  },
  {
    "code": "CR",
    "name": "Costa Rica",
    "longitude": -83.753428,
    "latitude": 9.748917,
    "names": {
      "pl": "Kostaryka",
      "ja": "コスタリカ",
      "ie": "Cósta Ríce"
    }
  },
  {
    "code": "CI",
    "name": "Côte d'Ivoire",
    "longitude": -5.54708,
    "latitude": 7.539989,
    "names": {
      "hu": "Elefántcsontpart",
      "nl": "Ivoorkust",
      "pl": "Wybrzeże Kości Słoniowej",
      "de": "Elfenbeinküste",
      "ja": "コートジボワール",
      "co": "Costa d'Avoriu",
      "es": "Costa de Marfil",
      "pt": "Costa do Marfim",
      "eu": "Boli Kosta",
      "ie": "An Cósta Eabhair"
    }
  },
  {
    "code": "HR",
    "name": "Croatia",
    "longitude": 15.2,
    "latitude": 45.1,
    "names": {
      "fr": "Croatie",
      "es": "Croacia",
      "eu": "Kroazia",
      "hu": "Horvátország",
      "nl": "Kroatië",
      "pl": "Chorwacja",
      "pt": "Croácia",
      "de": "Kroatien",
      "ja": "クロアチア",
      "co": "Croazia",
      "ie": "An Chróit"
    }
  },
  {
    "code": "CU",
    "name": "Cuba",
    "longitude": -77.781167,
    "latitude": 21.521757,
    "names": {
      "hu": "Kuba",
      "pl": "Kuba",
      "de": "Kuba",
      "ja": "キューバ",
      "eu": "Kuba",
      "ie": "Cúba"
    }
  },
  {
    "code": "CY",
    "name": "Cyprus",
    "longitude": 33.429859,
    "latitude": 35.126413,
    "names": {
      "fr": "Chypre",
      "hu": "Ciprus",
      "pl": "Cypr",
      "de": "Zypern",
      "ja": "キプロス",
      "co": "Chipre",
      "es": "Chipre",
      "pt": "Chipre",
      "eu": "Zipre",
      "ie": "An Chipir"
    }
  },
  {
    "code": "CZ",
    "name": "Czechia",
    "longitude": 15.472962,
    "latitude": 49.817492,
    "names": {
      "fr": "Tchéquie",
      "hu": "Csehország",
      "nl": "Tsjechië",
      "pl": "Czechy",
      "de": "Tschechien",
      "ja": "チェコ",
      "co": "Republica Cecca",
      "es": "República Checa",
      "pt": "República Checa",
      "eu": "Txekia",
      "ie": "An tSeicia"
    }
  },
  {
    "code": "CD",
    "name": "Democratic Republic of the Congo",
    "longitude": 21.758664,
    "latitude": -4.038333,
    "names": {
      "fr": "République démocratique du Congo",
      "hu": "Kongói Demokratikus Köztársaság (Zaire)",
      "nl": "Congo-Kinshasa",
      "pl": "Demokratyczna Republika Konga",
      "de": "Demokratische Republik Kongo",
      "ja": "コンゴ民主共和国",
      "co": "Republica Democratica di u Congo",
      "es": "República Democrática del Congo",
      "pt": "República Democrática do Congo",
      "eu": "Kongoko Errepublika Demokratikoa",
      "ie": "Poblacht Dhaonlathach an Chongó"
    }
  },
  {
    "code": "DK",
    "name": "Denmark",
    "longitude": 9.501785,
    "latitude": 56.26392,
    "names": {
      "fr": "Danemark",
      "hu": "Dánia",
      "nl": "Denemarken",
      "pl": "Dania",
      "de": "Dänemark",
      "ja": "デンマーク",
      "co": "Danimarcu",
      "es": "Dinamarca",
      "pt": "Dinamarca",
      "eu": "Danimarka",
      "ie": "An Danmhairg"
    }
  },
  {
    "code": "DJ",
    "name": "Djibouti",
    "longitude": 42.590275,
    "latitude": 11.825138,
    "names": {
      "hu": "Dzsibuti",
      "pl": "Dżibuti",
      "de": "Dschibuti",
      "ja": "ジブチ",
      "es": "Yibuti",
      "pt": "Djibuti",
      "co": "Ghjibutu",
      "eu": "Djibuti",
      "ie": "Diobúití"
    }
  },
  {
    "code": "DM",
    "name": "Dominica",
    "longitude": -61.370976,
    "latitude": 15.414999,
    "names": {
      "fr": "Dominique",
      "hu": "Dominikai Közösség",
      "pl": "Dominika",
      "ja": "ドミニカ",
      "co": "Dumenica",
      "eu": "Dominika",
      "ie": "Doiminice"
    }
  },
  {
    "code": "DO",
    "name": "Dominican Republic",
    "longitude": -70.162651,
    "latitude": 18.735693,
    "names": {
      "fr": "République dominicaine",
      "hu": "Dominikai Köztársaság",
      "nl": "Dominicaanse Republiek",
      "pl": "Republika Dominikańska",
      "de": "Dominikanische Republik",
      "ja": "ドミニカ共和国",
      "co": "Republica Dominica",
      "es": "República Dominicana",
      "pt": "República Dominicana",
      "eu": "Dominikar Errepublika",
      "ie": "An Phoblacht Dhoiminiceach"
    }
  },
  {
    "code": "EC",
    "name": "Ecuador",
    "longitude": -78.183406,
    "latitude": -1.831239,
    "names": {
      "fr": "Équateur",
      "pl": "Ekwador",
      "ja": "エクアドル",
      "co": "Equatore",
      "pt": "Equador",
      "eu": "Ekuador",
      "ie": "Eacuadór"
    }
  },
  {
    "code": "EG",
    "name": "Egypt",
    "longitude": 30.802498,
    "latitude": 26.820553,
    "names": {
      "fr": "Égypte",
      "hu": "Egyiptom",
      "nl": "Egypte",
      "pl": "Egipt",
      "de": "Ägypten",
      "ja": "エジプト",
      "co": "Egitu",
      "es": "Egipto",
      "pt": "Egito",
      "eu": "Egipto",
      "ie": "An Éigipt"
    }
  },
  {
    "code": "SV",
    "name": "El Salvador",
    "longitude": -88.89653,
    "latitude": 13.794185,
    "names": {
      "fr": "Salvador",
      "hu": "Salvador",
      "pl": "Salwador",
      "ja": "エルサルバドル",
      "co": "Salvadoru",
      "ie": "An tSalvadóir"
    }
  },
  {
    "code": "GQ",
    "name": "Equatorial Guinea",
    "longitude": 10.267895,
    "latitude": 1.650801,
    "names": {
      "fr": "Guinée équatoriale",
      "hu": "Egyenlítői-Guinea",
      "nl": "Equatoriaal-Guinea",
      "pl": "Gwinea Równikowa",
      "de": "Äquatorialguinea",
      "ja": "赤道ギニア",
      "co": "Guinèa Equatoriale",
      "es": "Guinea Ecuatorial",
      "pt": "Guiné Equatorial",
      "eu": "Ekuatore Ginea",
      "ie": "An Ghuine Mheánchiorclach"
    }
  },
  {
    "code": "ER",
    "name": "Eritrea",
    "longitude": 39.782334,
    "latitude": 15.179384,
    "names": {
      "fr": "Érythrée",
      "pl": "Erytrea",
      "ja": "エリトリア",
      "pt": "Eritreia",
      "ie": "An Eiritré"
    }
  },
  {
    "code": "EE",
    "name": "Estonia",
    "longitude": 25.013607,
    "latitude": 58.595272,
    "names": {
      "fr": "Estonie",
      "hu": "Észtország",
      "nl": "Estland",
      "de": "Estland",
      "ja": "エストニア",
      "pt": "Estônia",
      "ie": "An Eastóin"
    }
  },
  {
    "code": "SZ",
    "name": "Eswatini",
    "longitude": 31.465866,
    "latitude": -26.522503,
    "names": {
      "hu": "Szváziföld",
      "nl": "Swaziland",
      "ja": "スワジランド",
      "es": "Esuatini",
      "co": "Swaziland",
      "ie": "eSuatíní"
    }
  },
  {
    "code": "ET",
    "name": "Ethiopia",
    "longitude": 40.489673,
    "latitude": 9.145,
    "names": {
      "fr": "Éthiopie",
      "hu": "Etiópia",
      "nl": "Ethiopië",
      "pl": "Etiopia",
      "de": "Äthiopien",
      "ja": "エチオピア",
      "co": "Etiopia",
      "es": "Etiopía",
      "pt": "Etiópia",
      "eu": "Etiopia",
      "ie": "An Aetóip"
    }
  },
  {
    "code": "FK",
    "name": "Falkland Islands (Malvinas)",
    "longitude": -59.523613,
    "latitude": -51.796253,
    "names": {
      "fr": "Îles Malouines",
      "hu": "Falkland-szigetek",
      "nl": "Falklandeilanden",
      "pl": "Wyspy Falklandzkie",
      "de": "Falklandinseln",
      "ja": "フォークランド諸島",
      "co": "Isole Falkland",
      "es": "Islas Malvinas",
      "pt": "Ilhas Malvinas",
      "eu": "Falkland Uharteak",
      "ie": "Oileáin Fháclainne"
    }
  },
  {
    "code": "FO",
    "name": "Faroe Islands",
    "longitude": -6.911806,
    "latitude": 61.892635,
    "names": {
      "fr": "Îles Féroé",
      "hu": "Feröer",
      "nl": "Faeröer",
      "pl": "Wyspy Owcze",
      "de": "Färöer",
      "ja": "フェロー諸島",
      "co": "Isule Faroe",
      "es": "Islas Feroe",
      "pt": "Ilhas Faroé",
      "eu": "Faroe Uharteak",
      "ie": "Oileáin Fharó"
    }
  },
  {
    "code": "FJ",
    "name": "Fiji",
    "longitude": 179.414413,
    "latitude": -16.578193,
    "names": {
      "fr": "Fidji",
      "hu": "Fidzsi",
      "pl": "Fidżi",
      "de": "Fidschi",
      "ja": "フィジー",
      "co": "Figi",
      "es": "Fiyi",
      "ie": "Fidsí"
    }
  },
  {
    "code": "FI",
    "name": "Finland",
    "longitude": 25.748151,
    "latitude": 61.92411,
    "names": {
      "fr": "Finlande",
      "hu": "Finnország",
      "pl": "Finlandia",
      "de": "Finnland",
      "ja": "フィンランド",
      "co": "Finlanda",
      "es": "Finlandia",
      "pt": "Finlândia",
      "eu": "Finlandia",
      "ie": "An Fhionlainn"
    }
  },
  {
    "code": "FR",
    "name": "France",
    "longitude": 2.213749,
    "latitude": 46.227638,
    "names": {
      "hu": "Franciaország",
      "nl": "Frankrijk",
      "pl": "Francja",
      "de": "Frankreich",
      "ja": "フランス",
      "co": "Francia",
      "es": "Francia",
      "pt": "França",
      "eu": "Frantzia",
      "ie": "An Fhrainc"
    }
  },
  {
    "code": "GF",
    "name": "French Guiana",
    "longitude": -53.125782,
    "latitude": 3.933889,
    "names": {
      "fr": "Guyane française",
      "hu": "Francia Guyana Francia Guyana",
      "nl": "Frans-Guyana",
      "pl": "Gujana Francuska",
      "de": "Französisch-Guayana",
      "ja": "フランス領ギアナ",
      "co": "Ghjana Francesa",
      "es": "Guayana Francesa",
      "pt": "Guiana Francesa",
      "eu": "Frantziako Guyana",
      "ie": "Guáin na Fraince"
    }
  },
  {
    "code": "PF",
    "name": "French Polynesia",
    "longitude": -149.406843,
    "latitude": -17.679742,
    "names": {
      "fr": "Polynésie française",
      "hu": "Francia Polinézia",
      "nl": "Frans-Polynesië",
      "pl": "Polinezja Francuska",
      "de": "FRANZÖSISCH-POLYNESIEN",
      "ja": "フランス領ポリネシア",
      "co": "Polinesia Francesa",
      "es": "Polinesia Francesa",
      "pt": "Polinésia Francesa",
      "eu": "Polinesia Frantsesa",
      "ie": "Polainéis na Fraince"
    }
  },
  {
    "code": "TF",
    "name": "French Southern Territories",
    "longitude": 69.348557,
    "latitude": -49.280366,
    "names": {
      "fr": "Terres australes françaises",
      "hu": "Francia déli és antarktiszi területek",
      "nl": "Franse Zuidelijke Gebieden",
      "pl": "Francuskie Terytoria Południowe",
      "de": "Französische Süd- und Antarktisgebiete",
      "ja": "フランス領南方・南極地域",
      "co": "Terre Francesce Meridiunali",
      "es": "Tierras Australes y Antárticas Francesas",
      "pt": "Territórios Franceses do Sul",
      "eu": "Frantziaren Lurralde Austral eta Antartikoak",
      "ie": "Críocha Francacha Deisceartacha agus Antartacha"
    }
  },
  {
    "code": "GA",
    "name": "Gabon",
    "longitude": 11.609444,
    "latitude": -0.803689,
    "names": {
      "de": "Gabun",
      "ja": "ガボン",
      "es": "Gabón",
      "pt": "Gabão",
      "co": "Gabone",
      "ie": "An Ghabúin"
    }
  },
  {
    "code": "GM",
    "name": "The Gambia",
    "longitude": -15.310139,
    "latitude": 13.443182,
    "names": {
      "fr": "Gambie",
      "ja": "ガンビア",
      "pt": "Gâmbia",
      "ie": "An Ghaimbia"
    }
  },
  {
    "code": "GE",
    "name": "Georgia",
    "longitude": 43.356892,
    "latitude": 42.315407,
    "names": {
      "fr": "Géorgie",
      "hu": "Grúzia",
      "nl": "Georgië",
      "pl": "Gruzja",
      "de": "Georgien",
      "ja": "ジョージア",
      "pt": "Geórgia",
      "co": "Ghjorgia",
      "ie": "An tSeoirsia"
    }
  },
  {
    "code": "DE",
    "name": "Germany",
    "longitude": 10.451526,
    "latitude": 51.165691,
    "names": {
      "fr": "Allemagne",
      "hu": "Németország",
      "nl": "Duitsland",
      "pl": "Niemcy",
      "de": "Deutschland",
      "ja": "ドイツ",
      "co": "Germania",
      "es": "Alemania",
      "pt": "Alemanha",
      "eu": "Alemania",
      "ie": "An Ghearmáin"
    }
  },
  {
    "code": "GH",
    "name": "Ghana",
    "longitude": -1.023194,
    "latitude": 7.946527,
    "names": {
      "hu": "Ghána",
      "ja": "ガーナ",
      "pt": "Gana",
      "ie": "Gána"
    }
  },
  {
    "code": "GI",
    "name": "Gibraltar",
    "longitude": -5.345374,
    "latitude": 36.137741,
    "names": {
      "hu": "Gibraltár",
      "ja": "ジブラルタル",
      "co": "Ghjibiltari",
      "ie": "Giobráltar"
    }
  },
  {
    "code": "GR",
    "name": "Greece",
    "longitude": 21.824312,
    "latitude": 39.074208,
    "names": {
      "fr": "Grèce",
      "hu": "Görögország",
      "nl": "Griekenland",
      "pl": "Grecja",
      "de": "Griechenland",
      "ja": "ギリシャ",
      "co": "Grecia",
      "es": "Grecia",
      "pt": "Grécia",
      "eu": "Grezia",
      "ie": "An Ghréig"
    }
  },
  {
    "code": "GL",
    "name": "Greenland",
    "longitude": -42.604303,
    "latitude": 71.706936,
    "names": {
      "fr": "Groenland",
      "hu": "Grönland",
      "nl": "Groenland",
      "pl": "Grenlandia",
      "de": "Grönland",
      "ja": "グリーンランド",
      "es": "Groenlandia",
      "pt": "Gronelândia",
      "co": "Groenlanda",
      "eu": "Groenlandia",
      "ie": "An Ghraonlainn"
    }
  },
  {
    "code": "GD",
    "name": "Grenada",
    "longitude": -61.604171,
    "latitude": 12.262776,
    "names": {
      "fr": "Grenade",
      "ja": "グレナダ",
      "co": "Granata",
      "es": "Granada",
      "pt": "Granada",
      "ie": "Greanáda"
    }
  },
  {
    "code": "GP",
    "name": "Guadeloupe",
    "longitude": -61.422873,
    "latitude": 16.08663,
    "names": {
      "hu": "Guadeloupe Guadeloupe",
      "pl": "Gwadelupa",
      "ja": "グアドループ",
      "es": "Guadalupe",
      "pt": "Guadalupe",
      "co": "Guadelupa",
      "eu": "Guadelupe",
      "ie": "Guadalúip"
    }
  },
  {
    "code": "GU",
    "name": "Guam",
    "longitude": 144.793731,
    "latitude": 13.444304,
    "names": {
      "ja": "グアム",
      "ie": "Guam"
    }
  },
  {
    "code": "GT",
    "name": "Guatemala",
    "longitude": -90.230759,
    "latitude": 15.783471,
    "names": {
      "pl": "Gwatemala",
      "ja": "グアテマラ",
      "ie": "Guatamala"
    }
  },
  {
    "code": "GG",
    "name": "Bailiwick of Guernsey",
    "longitude": -2.585278,
    "latitude": 49.465691,
    "names": {
      "fr": "Bailliage de Guernesey",
      "hu": "Guernsey Bailiffség",
      "ja": "ガーンジー",
      "de": "Herrschaft Guernsey",
      "es": "Guernsey",
      "nl": "Baljuwschap Guernsey",
      "pl": "Okręg Guernsey",
      "pt": "Bailiado de Guernsey",
      "co": "Balianza di Guernsey",
      "eu": "Guernsey",
      "ie": "Geansaí"
    }
  },
  {
    "code": "GN",
    "name": "Guinea",
    "longitude": -9.696645,
    "latitude": 9.945587,
    "names": {
      "fr": "Guinée",
      "es": "Guinea",
      "eu": "Ginea",
      "hu": "Guinea",
      "nl": "Guinee",
      "pl": "Gwinea",
      "pt": "Guiné",
      "de": "Guinea",
      "ja": "ギニア",
      "co": "Ghjine",
      "ie": "An Ghuine"
    }
  },
  {
    "code": "GW",
    "name": "Guinea-Bissau",
    "longitude": -15.180413,
    "latitude": 11.803749,
    "names": {
      "fr": "Guinée-Bissau",
      "es": "Guinea-Bisáu",
      "eu": "Ginea-Bissau",
      "hu": "Bissau-Guinea",
      "nl": "Guinee-Bissau",
      "pl": "Gwinea Bissau",
      "pt": "Guiné-Bissau",
      "de": "Guinea-Bissau",
      "ja": "ギニアビサウ",
      "co": "Ghjine-Bissau",
      "ie": "An Ghuine-Bhissau"
    }
  },
  {
    "code": "GY",
    "name": "Guyana",
    "longitude": -58.93018,
    "latitude": 4.860416,
    "names": {
      "pl": "Gujana",
      "ja": "ガイアナ",
      "pt": "Guiana",
      "ie": "An Ghuáin"
    }
  },
  {
    "code": "HT",
    "name": "Haiti",
    "longitude": -72.285215,
    "latitude": 18.971187,
    "names": {
      "fr": "Haïti",
      "nl": "Haïti",
      "ja": "ハイチ",
      "es": "Haití",
      "ie": "Háítí"
    }
  },
  {
    "code": "HM",
    "name": "Heard Island and McDonald Islands",
    "longitude": 73.504158,
    "latitude": -53.08181,
    "names": {
      "fr": "Îles Heard-et-MacDonald",
      "hu": "Heard-sziget és McDonald-szigetek",
      "nl": "Heard en McDonaldeilanden",
      "pl": "Wyspy Heard i McDonalda",
      "de": "Heard und McDonaldinseln",
      "ja": "ハード島とマクドナルド諸島",
      "co": "Isole Heard e McDonald",
      "es": "Islas Heard y McDonald",
      "pt": "Ilhas Heard e McDonald",
      "eu": "Heard eta McDonald Uharteak",
      "ie": "Oileán Heard agus Oileáin McDonald"
    }
  },
  {
    "code": "HN",
    "name": "Honduras",
    "longitude": -86.241905,
    "latitude": 15.199999,
    "names": {
      "ja": "ホンジュラス",
      "ie": "Hondúras"
    }
  },
  {
    "code": "HK",
    "name": "Hong Kong",
    "longitude": 114.109497,
    "latitude": 22.396428,
    "names": {
      "hu": "Hongkong",
      "nl": "Hongkong",
      "pl": "Hongkong",
      "de": "Hongkong",
      "ja": "香港",
      "ie": "Hong Cong"
    }
  },
  {
    "code": "HU",
    "name": "Hungary",
    "longitude": 19.503304,
    "latitude": 47.162494,
    "names": {
      "fr": "Hongrie",
      "hu": "Magyarország",
      "nl": "Hongarije",
      "pl": "Węgry",
      "de": "Ungarn",
      "ja": "ハンガリー",
      "co": "Ungaria",
      "es": "Hungría",
      "pt": "Hungria",
      "eu": "Hungaria",
      "ie": "An Ungáir"
    }
  },
  {
    "code": "IS",
    "name": "Iceland",
    "longitude": -19.020835,
    "latitude": 64.963051,
    "names": {
      "fr": "Islande",
      "hu": "Izland",
      "nl": "IJsland",
      "pl": "Islandia",
      "de": "Island",
      "ja": "アイスランド",
      "co": "Island",
      "es": "Islandia",
      "pt": "Islândia",
      "eu": "Islandia",
      "ie": "An Íoslainn"
    }
  },
  {
    "code": "IN",
    "name": "India",
    "longitude": 78.96288,
    "latitude": 20.593684,
    "names": {
      "fr": "Inde",
      "es": "India",
      "eu": "India",
      "hu": "India",
      "nl": "India",
      "pl": "Indie",
      "pt": "Índia",
      "de": "Indien",
      "ja": "インド",
      "co": "India",
      "ie": "An India"
    }
  },
  {
    "code": "ID",
    "name": "Indonesia",
    "longitude": 113.921327,
    "latitude": -0.789275,
    "names": {
      "fr": "Indonésie",
      "hu": "Indonézia",
      "nl": "Indonesië",
      "pl": "Indonezja",
      "de": "Indonesien",
      "ja": "インドネシア",
      "pt": "Indonésia",
      "co": "Indunisia",
      "ie": "An Indinéis"
    }
  },
  {
    "code": "IR",
    "name": "Iran",
    "longitude": 53.688046,
    "latitude": 32.427908,
    "names": {
      "hu": "Irán",
      "ja": "イラン",
      "co": "Iranu",
      "es": "Irán",
      "pt": "Irã",
      "ie": "An Iaráin"
    }
  },
  {
    "code": "IQ",
    "name": "Iraq",
    "longitude": 43.679291,
    "latitude": 33.223191,
    "names": {
      "hu": "Irak",
      "nl": "Irak",
      "pl": "Irak",
      "de": "Irak",
      "ja": "イラク",
      "fr": "Irak",
      "es": "Irak",
      "pt": "Iraque",
      "co": "Irach",
      "eu": "Irak",
      "ie": "An Iaráic"
    }
  },
  {
    "code": "IE",
    "name": "Ireland",
    "longitude": -8.24389,
    "latitude": 53.41291,
    "names": {
      "fr": "Irlande",
      "hu": "Írország",
      "nl": "Ierland",
      "pl": "Irlandia",
      "de": "Irland",
      "ja": "アイルランド",
      "co": "Irlanda",
      "es": "Irlanda",
      "pt": "Irlanda",
      "eu": "Irlandako Errepublika",
      "ie": "Éire"
    }
  },
  {
    "code": "IM",
    "name": "Isle of Man",
    "longitude": -4.548056,
    "latitude": 54.236107,
    "names": {
      "fr": "Île de Man",
      "hu": "Man",
      "pl": "Wyspa Man",
      "ja": "マン島",
      "co": "Ile di Man",
      "es": "Isla de Man",
      "pt": "Ilha de Man",
      "eu": "Man Uhartea",
      "ie": "Oileán Mhanann"
    }
  },
  {
    "code": "IL",
    "name": "Israel",
    "longitude": 34.851612,
    "latitude": 31.046051,
    "names": {
      "fr": "Israël",
      "hu": "Izrael",
      "nl": "Israël",
      "pl": "Izrael",
      "ja": "イスラエル",
      "co": "Israele",
      "ie": "Iosrael"
    }
  },
  {
    "code": "IT",
    "name": "Italy",
    "longitude": 12.56738,
    "latitude": 41.87194,
    "names": {
      "fr": "Italie",
      "hu": "Olaszország",
      "nl": "Italië",
      "pl": "Włochy",
      "de": "Italien",
      "ja": "イタリア",
      "co": "Italia",
      "es": "Italia",
      "pt": "Itália",
      "eu": "Italia",
      "ie": "An Iodáil"
    }
  },
  {
    "code": "JM",
    "name": "Jamaica",
    "longitude": -77.297508,
    "latitude": 18.109581,
    "names": {
      "fr": "Jamaïque",
      "pl": "Jamajka",
      "de": "Jamaika",
      "ja": "ジャマイカ",
      "co": "Giamaica",
      "eu": "Jamaika",
      "ie": "Iamáice"
    }
  },
  {
    "code": "JP",
    "name": "Japan",
    "longitude": 138.252924,
    "latitude": 36.204824,
    "names": {
      "fr": "Japon",
      "hu": "Japán",
      "pl": "Japonia",
      "ja": "日本",
      "co": "Giappone",
      "es": "Japón",
      "pt": "Japão",
      "eu": "Japonia",
      "ie": "An tSeapáin"
    }
  },
  {
    "code": "JE",
    "name": "Jersey",
    "longitude": -2.13125,
    "latitude": 49.214439,
    "names": {
      "hu": "Jersey Bailiffség",
      "ja": "ジャージー",
      "ie": "Geansaí"
    }
  },
  {
    "code": "JO",
    "name": "Jordan",
    "longitude": 36.238414,
    "latitude": 30.585164,
    "names": {
      "fr": "Jordanie",
      "hu": "Jordánia",
      "nl": "Jordanië",
      "pl": "Jordania",
      "de": "Jordanien",
      "ja": "ヨルダン",
      "co": "Ghjordania",
      "es": "Jordania",
      "pt": "Jordânia",
      "eu": "Jordania",
      "ie": "An Iordáin"
    }
  },
  {
    "code": "KZ",
    "name": "Kazakhstan",
    "longitude": 66.923684,
    "latitude": 48.019573,
    "names": {
      "hu": "Kazahsztán",
      "nl": "Kazachstan",
      "pl": "Kazachstan",
      "de": "Kasachstan",
      "ja": "カザフスタン",
      "es": "Kazajistán",
      "pt": "Cazaquistão",
      "co": "Kazachstan",
      "ie": "An Chasacstáin"
    }
  },
  {
    "code": "KE",
    "name": "Kenya",
    "longitude": 37.906193,
    "latitude": -0.023559,
    "names": {
      "nl": "Kenia",
      "pl": "Kenia",
      "de": "Kenia",
      "ja": "ケニア",
      "es": "Kenia",
      "pt": "Quénia",
      "ie": "An Chéinia"
    }
  },
  {
    "code": "KI",
    "name": "Kiribati",
    "longitude": -168.734039,
    "latitude": -3.370417,
    "names": {
      "ja": "キリバス",
      "ie": "Ciribeas"
    }
  },
  {
    "code": "XK",
    "name": "Kosovo",
    "longitude": 20.902977,
    "latitude": 42.602636,
    "names": {
      "hu": "Koszovó",
      "pl": "Kosowo",
      "ja": "コソボ",
      "co": "Kosova",
      "ie": "An Chosaiv"
    }
  },
  {
    "code": "KW",
    "name": "Kuwait",
    "longitude": 47.481766,
    "latitude": 29.31166,
    "names": {
      "fr": "Koweït",
      "hu": "Kuvait",
      "nl": "Koeweit",
      "pl": "Kuwejt",
      "ja": "クウェート",
      "ie": "Cuáit"
    }
  },
  {
    "code": "KG",
    "name": "Kyrgyzstan",
    "longitude": 74.766098,
    "latitude": 41.20438,
    "names": {
      "fr": "Kirghizistan",
      "hu": "Kirgizisztán",
      "nl": "Kirgizië",
      "pl": "Kirgistan",
      "de": "Kirgisistan",
      "ja": "キルギス",
      "es": "Kirguistán",
      "pt": "Quirguistão",
      "co": "Kirghisgia",
      "eu": "Kirgizistan",
      "ie": "An Chirgeastáin"
    }
  },
  {
    "code": "LA",
    "name": "Laos",
    "longitude": 102.495496,
    "latitude": 19.85627,
    "names": {
      "hu": "Laosz",
      "ja": "ラオス",
      "co": "Laos (Republica democratica pupulare)",
      "ie": "Laos"
    }
  },
  {
    "code": "LV",
    "name": "Latvia",
    "longitude": 24.603189,
    "latitude": 56.879635,
    "names": {
      "fr": "Lettonie",
      "hu": "Lettország",
      "nl": "Letland",
      "pl": "Łotwa",
      "de": "Lettland",
      "ja": "ラトビア",
      "co": "Lettonia",
      "es": "Letonia",
      "pt": "Letónia",
      "eu": "Letonia",
      "ie": "An Laitvia"
    }
  },
  {
    "code": "LB",
    "name": "Lebanon",
    "longitude": 35.862285,
    "latitude": 33.854721,
    "names": {
      "fr": "Liban",
      "hu": "Libanon",
      "nl": "Libanon",
      "pl": "Liban",
      "de": "Libanon",
      "ja": "レバノン",
      "co": "Libanu",
      "es": "Líbano",
      "pt": "Líbano",
      "eu": "Libano",
      "ie": "An Liobáin"
    }
  },
  {
    "code": "LS",
    "name": "Lesotho",
    "longitude": 28.233608,
    "latitude": -29.609988,
    "names": {
      "ja": "レソト",
      "es": "Lesoto",
      "pt": "Lesoto",
      "co": "Lesothu",
      "ie": "Leosóta"
    }
  },
  {
    "code": "LR",
    "name": "Liberia",
    "longitude": -9.429499,
    "latitude": 6.428055,
    "names": {
      "fr": "Libéria",
      "hu": "Libéria",
      "ja": "リベリア",
      "pt": "Libéria",
      "ie": "An Libéir"
    }
  },
  {
    "code": "LY",
    "name": "Libya",
    "longitude": 17.228331,
    "latitude": 26.3351,
    "names": {
      "fr": "Libye",
      "hu": "Líbia",
      "nl": "Libië",
      "pl": "Libia",
      "de": "Libyen",
      "ja": "リビア",
      "co": "Libia",
      "es": "Libia",
      "pt": "Líbia",
      "eu": "Libia",
      "ie": "An Libia"
    }
  },
  {
    "code": "LI",
    "name": "Liechtenstein",
    "longitude": 9.555373,
    "latitude": 47.166,
    "names": {
      "ja": "リヒテンシュタイン",
      "pt": "Listenstaine",
      "ie": "Lichtinstéin"
    }
  },
  {
    "code": "LT",
    "name": "Lithuania",
    "longitude": 23.881275,
    "latitude": 55.169438,
    "names": {
      "fr": "Lituanie",
      "hu": "Litvánia",
      "nl": "Litouwen",
      "pl": "Litwa",
      "de": "Litauen",
      "ja": "リトアニア",
      "co": "Lituania",
      "es": "Lituania",
      "pt": "Lituânia",
      "eu": "Lituania",
      "ie": "An Liotuáin"
    }
  },
  {
    "code": "LU",
    "name": "Luxembourg",
    "longitude": 6.129583,
    "latitude": 49.815273,
    "names": {
      "hu": "Luxemburg",
      "nl": "Luxemburg",
      "pl": "Luksemburg",
      "de": "Luxemburg",
      "ja": "ルクセンブルク",
      "es": "Luxemburgo",
      "pt": "Luxemburgo",
      "co": "Lussimburgu",
      "eu": "Luxenburgo",
      "ie": "Lucsamburg"
    }
  },
  {
    "code": "MO",
    "name": "Macau",
    "longitude": 113.543873,
    "latitude": 22.198745,
    "names": {
      "hu": "Makaó",
      "nl": "Macau",
      "pl": "Makau",
      "de": "Macau",
      "ja": "マカオ",
      "pt": "Macau",
      "co": "Macau",
      "eu": "Macau",
      "fr": "MACAO",
      "es": "MACAO",
      "ie": "Macáó"
    }
  },
  {
    "code": "MG",
    "name": "Madagascar",
    "longitude": 46.869107,
    "latitude": -18.766947,
    "names": {
      "hu": "Madagaszkár",
      "nl": "Madagaskar",
      "pl": "Madagaskar",
      "de": "Madagaskar",
      "ja": "マダガスカル",
      "pt": "Madagáscar",
      "eu": "Madagaskar",
      "ie": "Madagascar"
    }
  },
  {
    "code": "MW",
    "name": "Malawi",
    "longitude": 34.301525,
    "latitude": -13.254308,
    "names": {
      "ja": "マラウイ",
      "es": "Malaui",
      "ie": "An Mhaláiv"
    }
  },
  {
    "code": "MY",
    "name": "Malaysia",
    "longitude": 109.091912,
    "latitude": 4.040255,
    "names": {
      "fr": "Malaisie",
      "hu": "Malajzia",
      "nl": "Maleisië",
      "pl": "Malezja",
      "ja": "マレーシア",
      "co": "Malàisia",
      "es": "Malasia",
      "pt": "Malásia",
      "ie": "An Mhalaeisia"
    }
  },
  {
    "code": "MV",
    "name": "Maldives",
    "longitude": 73.22068,
    "latitude": 3.202778,
    "names": {
      "hu": "Maldív-szigetek",
      "nl": "Malediven",
      "pl": "Malediwy",
      "de": "Malediven",
      "ja": "モルディブ",
      "co": "Maldive",
      "es": "Maldivas",
      "pt": "Maldivas",
      "eu": "Maldivak",
      "ie": "Oileáin Mhaildíve"
    }
  },
  {
    "code": "ML",
    "name": "Mali",
    "longitude": -3.996166,
    "latitude": 17.570692,
    "names": {
      "ja": "マリ",
      "es": "Malí",
      "ie": "Mailí"
    }
  },
  {
    "code": "MT",
    "name": "Malta",
    "longitude": 14.375416,
    "latitude": 35.937496,
    "names": {
      "fr": "Malte",
      "hu": "Málta",
      "ja": "マルタ",
      "ie": "Málta"
    }
  },
  {
    "code": "MQ",
    "name": "Martinique",
    "longitude": -61.024174,
    "latitude": 14.641528,
    "names": {
      "hu": "Martinique Martinique",
      "pl": "Martynika",
      "ja": "マルティニーク",
      "co": "Martinica",
      "es": "Martinica",
      "pt": "Martinica",
      "eu": "Martinika",
      "ie": "Martinique"
    }
  },
  {
    "code": "MR",
    "name": "Mauritania",
    "longitude": -10.940835,
    "latitude": 21.00789,
    "names": {
      "fr": "Mauritanie",
      "hu": "Mauritánia",
      "nl": "Mauritanië",
      "pl": "Mauretania",
      "de": "Mauretanien",
      "ja": "モーリタニア",
      "pt": "Mauritânia",
      "ie": "An Mháratáin"
    }
  },
  {
    "code": "MU",
    "name": "Mauritius",
    "longitude": 57.552152,
    "latitude": -20.348404,
    "names": {
      "fr": "Maurice",
      "es": "Mauricio",
      "eu": "Maurizio",
      "hu": "Mauritius",
      "nl": "Mauritius",
      "pl": "Mauritius",
      "pt": "Maurícia",
      "de": "Mauritius",
      "ja": "モーリシャス",
      "co": "Mauritius",
      "ie": "Oileán Mhuirís"
    }
  },
  {
    "code": "YT",
    "name": "Mayotte",
    "longitude": 45.166244,
    "latitude": -12.8275,
    "names": {
      "hu": "Mayotte Mayotte",
      "pl": "Majotta",
      "ja": "マヨット",
      "ie": "Mayotte"
    }
  },
  {
    "code": "MX",
    "name": "Mexico",
    "longitude": -102.552784,
    "latitude": 23.634501,
    "names": {
      "fr": "Mexique",
      "hu": "Mexikó",
      "pl": "Meksyk",
      "de": "Mexiko",
      "ja": "メキシコ",
      "co": "Messicu",
      "es": "México",
      "pt": "México",
      "eu": "Mexiko",
      "ie": "Meicsiceo"
    }
  },
  {
    "code": "FM",
    "name": "Federated States of Micronesia",
    "longitude": 150.550812,
    "latitude": 7.425554,
    "names": {
      "fr": "ÉTATS FÉDÉRÉS DE MICRONÉSIE",
      "hu": "MIKRONÉZIAI SZÖVETSÉGI ÁLLAMOK",
      "nl": "FEDERALE STATEN VAN MICRONESIË",
      "pl": "SFEDEROWANE STANY MIKRONEZJI",
      "de": "FÖDERIERTE STAATEN VON MIKRONESIEN",
      "ja": "ミクロネシア連邦",
      "pt": "ESTADOS FEDERADOS DA MICRONÉSIA",
      "eu": "MIKRONESIAKO ESTATU FEDERATUAK",
      "es": "ESTADOS FEDERADOS DE MICRONESIA",
      "co": "FEDERAZIONE DI I STATI MICRONESIANI",
      "ie": "An Mhicrinéis"
    }
  },
  {
    "code": "MD",
    "name": "Moldova",
    "longitude": 28.369885,
    "latitude": 47.411631,
    "names": {
      "nl": "Moldavië",
      "pl": "Mołdawia",
      "de": "Moldawien",
      "ja": "モルドバ",
      "co": "Moldavia",
      "fr": "Moldavie",
      "es": "Moldavia",
      "pt": "Moldávia",
      "eu": "Moldavia",
      "ie": "An Mholdóiv"
    }
  },
  {
    "code": "MC",
    "name": "Monaco",
    "longitude": 7.412841,
    "latitude": 43.750298,
    "names": {
      "pl": "Monako",
      "ja": "モナコ",
      "es": "Mónaco",
      "pt": "Mónaco",
      "eu": "Monako",
      "ie": "Monacó"
    }
  },
  {
    "code": "MN",
    "name": "Mongolia",
    "longitude": 103.846656,
    "latitude": 46.862496,
    "names": {
      "fr": "Mongolie",
      "hu": "Mongólia",
      "nl": "Mongolië",
      "de": "Mongolei",
      "ja": "モンゴル",
      "co": "Mongolie",
      "pt": "Mongólia",
      "ie": "An Mhongóil"
    }
  },
  {
    "code": "ME",
    "name": "Montenegro",
    "longitude": 19.37439,
    "latitude": 42.708678,
    "names": {
      "fr": "Monténégro",
      "hu": "Montenegró",
      "pl": "Czarnogóra",
      "ja": "モンテネグロ",
      "co": "Montenegru",
      "ie": "Montainéagró"
    }
  },
  {
    "code": "MS",
    "name": "Montserrat",
    "longitude": -62.187366,
    "latitude": 16.742498,
    "names": {
      "ja": "モントセラト",
      "ie": "Montserrat"
    }
  },
  {
    "code": "MA",
    "name": "Morocco",
    "longitude": -7.09262,
    "latitude": 31.791702,
    "names": {
      "fr": "Maroc",
      "hu": "Marokkó",
      "nl": "Marokko",
      "pl": "Maroko",
      "de": "Marokko",
      "ja": "モロッコ",
      "co": "Marocu",
      "es": "Marruecos",
      "pt": "Marrocos",
      "eu": "Maroko",
      "ie": "Maracó"
    }
  },
  {
    "code": "MZ",
    "name": "Mozambique",
    "longitude": 35.529562,
    "latitude": -18.665695,
    "names": {
      "hu": "Mozambik",
      "pl": "Mozambik",
      "de": "Mosambik",
      "ja": "モザンビーク",
      "co": "Mozambicu",
      "pt": "Moçambique",
      "eu": "Mozambike",
      "ie": "Mósaimbíc"
    }
  },
  {
    "code": "MM",
    "name": "Myanmar",
    "longitude": 95.956223,
    "latitude": 21.913965,
    "names": {
      "hu": "Mianmar",
      "nl": "Myanmar (Birma)",
      "pl": "Mjanma",
      "ja": "ミャンマー",
      "co": "Myanmar (Birmania)",
      "ie": "Maenmar"
    }
  },
  {
    "code": "NA",
    "name": "Namibia",
    "longitude": 18.49041,
    "latitude": -22.95764,
    "names": {
      "fr": "Namibie",
      "hu": "Namíbia",
      "nl": "Namibië",
      "ja": "ナミビア",
      "pt": "Namíbia",
      "ie": "An Namaib"
    }
  },
  {
    "code": "NR",
    "name": "Nauru",
    "longitude": 166.931503,
    "latitude": -0.522778,
    "names": {
      "ja": "ナウル",
      "ie": "Nárú"
    }
  },
  {
    "code": "NP",
    "name": "Nepal",
    "longitude": 84.124008,
    "latitude": 28.394857,
    "names": {
      "fr": "Népal",
      "hu": "Nepál",
      "ja": "ネパール",
      "co": "Nepale",
      "ie": "Neipeal"
    }
  },
  {
    "code": "NL",
    "name": "Netherlands",
    "longitude": 5.291266,
    "latitude": 52.132633,
    "names": {
      "fr": "Pays-Bas",
      "hu": "Hollandia",
      "nl": "Nederland",
      "pl": "Holandia",
      "de": "Niederlande",
      "ja": "オランダ",
      "co": "Paesi Bassi",
      "es": "Países Bajos",
      "pt": "Países Baixos",
      "eu": "Herbehereak",
      "ie": "An Ísiltír"
    }
  },
  {
    "code": "NC",
    "name": "New Caledonia",
    "longitude": 165.618042,
    "latitude": -20.904305,
    "names": {
      "fr": "Nouvelle-Calédonie",
      "hu": "Új-Kaledónia",
      "nl": "Nieuw-Caledonië",
      "pl": "Nowa Kaledonia",
      "de": "Neukaledonien",
      "ja": "ニューカレドニア",
      "co": "Nova Calidonia",
      "es": "Nueva Caledonia",
      "pt": "Nova Caledônia",
      "eu": "Kaledonia Berria",
      "ie": "An Nua-Chaladóin"
    }
  },
  {
    "code": "NZ",
    "name": "New Zealand",
    "longitude": 174.885971,
    "latitude": -40.900557,
    "names": {
      "fr": "Nouvelle-Zélande",
      "hu": "Új-Zéland",
      "nl": "Nieuw-Zeeland",
      "pl": "Nowa Zelandia",
      "de": "Neuseeland",
      "ja": "ニュージーランド",
      "co": "Nova Zelanda",
      "es": "Nueva Zelanda",
      "pt": "Nova Zelândia",
      "eu": "Zeelanda Berria",
      "ie": "An Nua-Shéalainn"
    }
  },
  {
    "code": "NI",
    "name": "Nicaragua",
    "longitude": -85.207229,
    "latitude": 12.865416,
    "names": {
      "pl": "Nikaragua",
      "ja": "ニカラグア",
      "pt": "Nicarágua",
      "eu": "Nikaragua",
      "ie": "Nicearagua"
    }
  },
  {
    "code": "NE",
    "name": "Niger",
    "longitude": 8.081666,
    "latitude": 17.607789,
    "names": {
      "ja": "ニジェール",
      "es": "Níger",
      "pt": "Níger",
      "ie": "An Nígir"
    }
  },
  {
    "code": "NG",
    "name": "Nigeria",
    "longitude": 8.675277,
    "latitude": 9.081999,
    "names": {
      "fr": "Nigéria",
      "es": "Nigeria",
      "eu": "Nigeria",
      "hu": "Nigéria",
      "nl": "Nigeria",
      "pl": "Nigeria",
      "pt": "Nigéria",
      "de": "Nigeria",
      "ja": "ナイジェリア",
      "co": "Nigeria",
      "ie": "An Nigéir"
    }
  },
  {
    "code": "NU",
    "name": "Niue",
    "longitude": -169.867233,
    "latitude": -19.054445,
    "names": {
      "ja": "ニウエ",
      "ie": "Niue"
    }
  },
  {
    "code": "NF",
    "name": "Norfolk Island",
    "longitude": 167.954712,
    "latitude": -29.040835,
    "names": {
      "fr": "Île Norfolk",
      "hu": "Norfolk-sziget",
      "nl": "Norfolk",
      "pl": "Wyspa Norfolk",
      "de": "Norfolk-Insel",
      "ja": "ノーフォーク島",
      "co": "Isula di Norfolk",
      "es": "Isla Norfolk",
      "pt": "Ilha Norfolk",
      "eu": "Norfolk uhartea",
      "ie": "Oileán Norfolk"
    }
  },
  {
    "code": "KP",
    "name": "North Korea",
    "longitude": 127.510093,
    "latitude": 40.339852,
    "names": {
      "fr": "Corée du Nord",
      "hu": "Észak-Korea (Koreai NDK)",
      "nl": "Noord-Korea",
      "pl": "Korea Północna",
      "de": "Nordkorea",
      "ja": "北朝鮮",
      "co": "Corea di u Nordu",
      "es": "Corea del Norte",
      "pt": "Coreia do Norte",
      "eu": "Ipar Korea",
      "ie": "An Chóiré Thuaidh"
    }
  },
  {
    "code": "MK",
    "name": "North Macedonia",
    "longitude": 21.745275,
    "latitude": 41.608635,
    "names": {
      "fr": "Macédoine du Nord",
      "hu": "Észak-Macedónia",
      "nl": "Noord-Macedonië",
      "pl": "Macedonia Północna",
      "de": "Nordmazedonien",
      "ja": "北マケドニア",
      "co": "Macedonia di u Nordu",
      "es": "Macedonia del Norte",
      "pt": "Macedónia do Norte",
      "eu": "Ipar Mazedonia",
      "ie": "An Mhacadóin Thuaidh"
    }
  },
  {
    "code": "MP",
    "name": "Northern Mariana Islands",
    "longitude": 145.38469,
    "latitude": 17.33083,
    "names": {
      "fr": "Îles Mariannes du Nord",
      "hu": "Északi-Mariana-szigetek",
      "nl": "Noordelijke Marianen",
      "pl": "MARIANY PÓŁNOCNE",
      "de": "Nördliche Marianen",
      "ja": "北マリアナ諸島",
      "co": "Marianu du Nordu",
      "es": "Islas Marianas del Norte",
      "pt": "Ilhas Marianas Setentrionais",
      "eu": "Ipar Marianak",
      "ie": "Na hOileáin Mháirianacha Thuaidh"
    }
  },
  {
    "code": "NO",
    "name": "Norway",
    "longitude": 8.468946,
    "latitude": 60.472024,
    "names": {
      "fr": "Norvège",
      "es": "Noruega",
      "eu": "Norvegia",
      "hu": "Norvégia",
      "nl": "Noorwegen",
      "pl": "Norwegia",
      "pt": "Noruega",
      "de": "Norwegen",
      "ja": "ノルウェー",
      "co": "Norvegia",
      "ie": "An Iorua"
    }
  },
  {
    "code": "OM",
    "name": "Oman",
    "longitude": 55.923255,
    "latitude": 21.512583,
    "names": {
      "hu": "Omán",
      "ja": "オマーン",
      "es": "Omán",
      "pt": "Omã",
      "co": "Omanu",
      "ie": "Óman"
    }
  },
  {
    "code": "PK",
    "name": "Pakistan",
    "longitude": 69.345116,
    "latitude": 30.375321,
    "names": {
      "hu": "Pakisztán",
      "ja": "パキスタン",
      "es": "Pakistán",
      "pt": "Paquistão",
      "co": "Pakistanu",
      "ie": "An Phacastáin"
    }
  },
  {
    "code": "PW",
    "name": "Palau",
    "longitude": 134.58252,
    "latitude": 7.51498,
    "names": {
      "fr": "Palaos",
      "ja": "パラオ",
      "es": "Palaos",
      "ie": "Palau"
    }
  },
  {
    "code": "PS",
    "name": "Palestine",
    "longitude": 35.233154,
    "latitude": 31.952162,
    "names": {
      "hu": "Palesztina",
      "nl": "Palestina",
      "pl": "Palestyna",
      "de": "Palästina",
      "ja": "パレスチナ",
      "co": "Palestina",
      "es": "Palestina",
      "pt": "Palestina",
      "eu": "Palestina",
      "ie": "An Phalaistín"
    }
  },
  {
    "code": "PA",
    "name": "Panama",
    "longitude": -80.782127,
    "latitude": 8.537981,
    "names": {
      "ja": "パナマ",
      "es": "Panamá",
      "pt": "Panamá",
      "ie": "Panama"
    }
  },
  {
    "code": "PG",
    "name": "Papua New Guinea",
    "longitude": 143.95555,
    "latitude": -6.314993,
    "names": {
      "fr": "Papouasie-Nouvelle-Guinée",
      "hu": "Pápua Új-Guinea",
      "nl": "Papoea-Nieuw-Guinea",
      "pl": "Papua-Nowa Gwinea",
      "de": "Papua-Neuguinea",
      "ja": "パプアニューギニア",
      "co": "Papua Nova Guinia",
      "es": "Papúa Nueva Guinea",
      "pt": "Papua-Nova Guiné",
      "eu": "Papua Ginea Berria",
      "ie": "Nua-Ghuine Phapua"
    }
  },
  {
    "code": "PY",
    "name": "Paraguay",
    "longitude": -58.443832,
    "latitude": -23.442503,
    "names": {
      "pl": "Paragwaj",
      "ja": "パラグアイ",
      "pt": "Paraguai",
      "co": "Paraguaiu",
      "eu": "Paraguai",
      "ie": "Paragua"
    }
  },
  {
    "code": "PE",
    "name": "Peru",
    "longitude": -75.015152,
    "latitude": -9.189967,
    "names": {
      "fr": "Pérou",
      "ja": "ペルー",
      "co": "Perù",
      "es": "Perú",
      "ie": "Peiriú"
    }
  },
  {
    "code": "PH",
    "name": "Philippines",
    "longitude": 121.774017,
    "latitude": 12.879721,
    "names": {
      "hu": "Fülöp-szigetek",
      "nl": "Filipijnen",
      "pl": "Filipiny",
      "de": "Philippinen",
      "ja": "フィリピン",
      "co": "Filippine",
      "es": "Filipinas",
      "pt": "Filipinas",
      "eu": "Filipinak",
      "ie": "Na hOileáin Fhilipíneacha"
    }
  },
  {
    "code": "PN",
    "name": "Pitcairn Islands",
    "longitude": -127.439308,
    "latitude": -24.703615,
    "names": {
      "fr": "Îles Pitcairn",
      "hu": "Pitcairn-szigetek",
      "nl": "Pitcairneilanden",
      "pl": "Wyspy Pitcairn",
      "de": "Pitcairninseln",
      "ja": "ピトケアン諸島",
      "co": "Pitcairni",
      "es": "Islas Pitcairn",
      "pt": "Ilhas Pitcairn",
      "eu": "Pitcairnek",
      "ie": "Oileáin Pitcairn"
    }
  },
  {
    "code": "PL",
    "name": "Poland",
    "longitude": 19.145136,
    "latitude": 51.919438,
    "names": {
      "fr": "Pologne",
      "hu": "Lengyelország",
      "nl": "Polen",
      "pl": "Polska",
      "de": "Polen",
      "ja": "ポーランド",
      "co": "Polonia",
      "es": "Polonia",
      "pt": "Polónia",
      "eu": "Polonia",
      "ie": "An Pholainn"
    }
  },
  {
    "code": "PT",
    "name": "Portugal",
    "longitude": -8.224454,
    "latitude": 39.399872,
    "names": {
      "hu": "Portugália",
      "pl": "Portugalia",
      "ja": "ポルトガル",
      "co": "Portughal",
      "ie": "An Phortaingéil"
    }
  },
  {
    "code": "PR",
    "name": "Puerto Rico",
    "longitude": -66.590149,
    "latitude": 18.220833,
    "names": {
      "fr": "Porto Rico",
      "pl": "Portoryko",
      "ja": "プエルトリコ",
      "co": "Puerto Ricu",
      "pt": "Porto Rico",
      "ie": "Portó Ríce"
    }
  },
  {
    "code": "QA",
    "name": "Qatar",
    "longitude": 51.183884,
    "latitude": 25.354826,
    "names": {
      "hu": "Katar",
      "pl": "Katar",
      "de": "Katar",
      "ja": "カタール",
      "es": "Catar",
      "pt": "Catar",
      "ie": "Catar"
    }
  },
  {
    "code": "RE",
    "name": "Réunion",
    "longitude": 55.536384,
    "latitude": -21.115141,
    "names": {
      "pl": "Reunion",
      "ja": "レユニオン",
      "co": "Riunione",
      "es": "Reunión",
      "pt": "Reunião",
      "ie": "La Réunion"
    }
  },
  {
    "code": "RO",
    "name": "Romania",
    "longitude": 24.96676,
    "latitude": 45.943161,
    "names": {
      "fr": "Roumanie",
      "hu": "Románia",
      "nl": "Roemenië",
      "pl": "Rumunia",
      "de": "Rumänien",
      "ja": "ルーマニア",
      "es": "Rumanía",
      "pt": "Roménia",
      "co": "Rumania",
      "eu": "Errumania",
      "ie": "An Rómáin"
    }
  },
  {
    "code": "RU",
    "name": "Russia",
    "longitude": 105.318756,
    "latitude": 61.52401,
    "names": {
      "fr": "Russie",
      "hu": "Oroszország",
      "nl": "Rusland",
      "pl": "Rosja",
      "de": "Russland",
      "ja": "ロシア",
      "co": "Russia, Federazione",
      "es": "Rusia",
      "pt": "Rússia",
      "eu": "Errusia",
      "ie": "An Rúis"
    }
  },
  {
    "code": "RW",
    "name": "Rwanda",
    "longitude": 29.873888,
    "latitude": -1.940278,
    "names": {
      "hu": "Ruanda",
      "de": "Ruanda",
      "ja": "ルワンダ",
      "co": "Ruanda",
      "es": "Ruanda",
      "pt": "Ruanda",
      "eu": "Ruanda",
      "ie": "Ruanda"
    }
  },
  {
    "code": "SH",
    "name": "Saint Helena, Ascension and Tristan da Cunha",
    "longitude": -10.030696,
    "latitude": -24.143474,
    "names": {
      "fr": "Sainte-Hélène, Ascension et Tristan da Cunha",
      "hu": "Szent Ilona",
      "nl": "Sint-Helena, Ascension en Tristan da Cunha",
      "pl": "Święta Helena, Wyspa Wniebowstąpienia i Tristan da Cunha",
      "de": "St. Helena, Ascension und Tristan da Cunha",
      "ja": "セントヘレナ・アセンションおよびトリスタンダクーニャ",
      "co": "Santa Helena, Ascensione è Tristan da Cunha",
      "es": "Santa Elena, Ascensión y Tristán de Acuña",
      "pt": "Santa Helena, Ascensão e Tristão da Cunha",
      "eu": "Santa Elena, Ascension eta Tristan da Cunha",
      "ie": "San Héilin, Ascension agus Tristan da Cunha"
    }
  },
  {
    "code": "KN",
    "name": "Saint Kitts and Nevis",
    "longitude": -62.782998,
    "latitude": 17.357822,
    "names": {
      "fr": "Saint-Christophe-et-Niévès",
      "hu": "Saint Kitts és Nevis",
      "nl": "Saint Kitts en Nevis",
      "pl": "Saint Kitts i Nevis",
      "de": "St. Kitts und Nevis",
      "ja": "セントクリストファー・ネイビス",
      "co": "Santu Krisku eta Nevis",
      "es": "San Cristóbal y Nieves",
      "pt": "São Cristóvão e Nevis",
      "eu": "Saint Kitts eta Nevis",
      "ie": "San Críostóir agus Nimheas"
    }
  },
  {
    "code": "LC",
    "name": "Saint Lucia",
    "longitude": -60.978893,
    "latitude": 13.909444,
    "names": {
      "fr": "Sainte-Lucie",
      "de": "St. Lucia",
      "ja": "セントルシア",
      "co": "Santa Lucia",
      "es": "Santa Lucía",
      "pt": "Santa Lúcia",
      "eu": "Santa Luzia",
      "ie": "San Lúisia"
    }
  },
  {
    "code": "PM",
    "name": "Saint Pierre and Miquelon",
    "longitude": -56.27111,
    "latitude": 46.941936,
    "names": {
      "fr": "Saint-Pierre-et-Miquelon",
      "hu": "Saint-Pierre és Miquelon Saint-Pierre és Miquelon",
      "nl": "Saint-Pierre en Miquelon",
      "pl": "Saint-Pierre i Miquelon",
      "de": "Saint-Pierre und Miquelon",
      "ja": "サンピエール・エ・ミクロン",
      "co": "San Pietru è Miquelonu",
      "es": "San Pedro y Miquelón",
      "pt": "São Pedro e Miquelão",
      "eu": "San Piarres eta Mikeloia",
      "ie": "Saint-Pierre agus Miquelon"
    }
  },
  {
    "code": "VC",
    "name": "Saint Vincent and the Grenadines",
    "longitude": -61.287228,
    "latitude": 12.984305,
    "names": {
      "fr": "Saint-Vincent-et-les Grenadines",
      "hu": "Saint Vincent és a Grenadine-szigetek",
      "nl": "Saint Vincent en de Grenadines",
      "pl": "Saint Vincent i Grenadyny",
      "de": "Saint Vincent und die Grenadinen",
      "ja": "セントビンセント・グレナディーン",
      "co": "San Vincente è e Grenadine",
      "es": "San Vicente y las Granadinas",
      "pt": "São Vicente e Granadinas",
      "eu": "Saint Vincent eta Grenadinak",
      "ie": "San Uinseann agus na Grenadines"
    }
  },
  {
    "code": "WS",
    "name": "Samoa",
    "longitude": -172.104629,
    "latitude": -13.759029,
    "names": {
      "hu": "Szamoa",
      "ja": "サモア",
      "ie": "Samó"
    }
  },
  {
    "code": "SM",
    "name": "San Marino",
    "longitude": 12.457777,
    "latitude": 43.94236,
    "names": {
      "fr": "Saint-Marin",
      "ja": "サンマリノ",
      "pt": "San Marinho",
      "co": "San Marinu",
      "ie": "San Mairíne"
    }
  },
  {
    "code": "ST",
    "name": "São Tomé and Príncipe",
    "longitude": 6.613081,
    "latitude": 0.18636,
    "names": {
      "fr": "Sao Tomé-et-Principe",
      "hu": "São Tomé és Príncipe",
      "nl": "São Tomé en Principe",
      "pl": "Wyspy Świętego Tomasza i Książęca",
      "de": "São Tomé und Príncipe",
      "ja": "サントメ・プリンシペ",
      "co": "San Tomè è Principe",
      "es": "Santo Tomé y Príncipe",
      "pt": "São Tomé e Príncipe",
      "eu": "Sao Tome eta Principe",
      "ie": "São Tomé agus Príncipe"
    }
  },
  {
    "code": "SA",
    "name": "Saudi Arabia",
    "longitude": 45.079162,
    "latitude": 23.885942,
    "names": {
      "fr": "Arabie saoudite",
      "hu": "Szaúd-Arábia",
      "nl": "Saoedi-Arabië",
      "pl": "Arabia Saudyjska",
      "de": "Saudi-Arabien",
      "ja": "サウジアラビア",
      "es": "Arabia Saudita",
      "pt": "Arábia Saudita",
      "co": "Arabia Saudita",
      "ie": "An Araib Shádach"
    }
  },
  {
    "code": "SN",
    "name": "Senegal",
    "longitude": -14.452362,
    "latitude": 14.497401,
    "names": {
      "fr": "Sénégal",
      "hu": "Szenegál",
      "ja": "セネガル",
      "ie": "An tSeineagáil"
    }
  },
  {
    "code": "RS",
    "name": "Serbia",
    "longitude": 21.005859,
    "latitude": 44.016521,
    "names": {
      "fr": "Serbie",
      "hu": "Szerbia",
      "nl": "Servië",
      "de": "Serbien",
      "ja": "セルビア",
      "pt": "Sérvia",
      "ie": "An tSeirbia"
    }
  },
  {
    "code": "SC",
    "name": "Seychelles",
    "longitude": 55.491977,
    "latitude": -4.679574,
    "names": {
      "hu": "Seychelle-szigetek",
      "nl": "Seychellen",
      "pl": "Seszele",
      "de": "Seychellen",
      "ja": "セーシェル",
      "pt": "Seicheles",
      "eu": "Seychelleak",
      "ie": "Na Séiséil"
    }
  },
  {
    "code": "SL",
    "name": "Sierra Leone",
    "longitude": -11.779889,
    "latitude": 8.460555,
    "names": {
      "ja": "シエラレオネ",
      "es": "Sierra Leona",
      "pt": "Serra Leoa",
      "eu": "Sierra Leoa",
      "ie": "Siarra Leon"
    }
  },
  {
    "code": "SG",
    "name": "Singapore",
    "longitude": 103.819836,
    "latitude": 1.352083,
    "names": {
      "fr": "Singapour",
      "es": "Singapur",
      "eu": "Singapur",
      "hu": "Szingapúr",
      "nl": "Singapore",
      "pl": "Singapur",
      "pt": "Singapura",
      "de": "Singapur",
      "ja": "シンガポール",
      "co": "Singapura",
      "ie": "Singeapór"
    }
  },
  {
    "code": "SK",
    "name": "Slovakia",
    "longitude": 19.699024,
    "latitude": 48.669026,
    "names": {
      "fr": "Slovaquie",
      "hu": "Szlovákia",
      "nl": "Slowakije",
      "pl": "Słowacja",
      "de": "Slowakei",
      "ja": "スロバキア",
      "co": "Slovacchia",
      "es": "Eslovaquia",
      "pt": "Eslováquia",
      "eu": "Eslovakia",
      "ie": "An tSlóvaic"
    }
  },
  {
    "code": "SI",
    "name": "Slovenia",
    "longitude": 14.995463,
    "latitude": 46.151241,
    "names": {
      "fr": "Slovénie",
      "hu": "Szlovénia",
      "nl": "Slovenië",
      "pl": "Słowenia",
      "de": "Slowenien",
      "ja": "スロベニア",
      "es": "Eslovenia",
      "pt": "Eslovênia",
      "co": "Sluvènia",
      "eu": "Eslovenia",
      "ie": "An tSlóivéin"
    }
  },
  {
    "code": "SB",
    "name": "Solomon Islands",
    "longitude": 160.156194,
    "latitude": -9.64571,
    "names": {
      "fr": "Îles Salomon",
      "hu": "Salamon-szigetek",
      "nl": "Salomonseilanden",
      "pl": "Wyspy Salomona",
      "de": "Salomoneninseln",
      "ja": "ソロモン諸島",
      "co": "Isole Salomone",
      "es": "Islas Salomón",
      "pt": "Ilhas Salomão",
      "eu": "Salomon Uharteak",
      "ie": "Oileáin Sholaimh"
    }
  },
  {
    "code": "SO",
    "name": "Somalia",
    "longitude": 46.199616,
    "latitude": 5.152149,
    "names": {
      "fr": "Somalie",
      "es": "Somalia",
      "eu": "Somalia",
      "hu": "Szomália",
      "nl": "Somalië",
      "pl": "Somalia",
      "pt": "Somália",
      "de": "Somalia",
      "ja": "ソマリア",
      "co": "Somalia",
      "ie": "An tSomáil"
    }
  },
  {
    "code": "ZA",
    "name": "South Africa",
    "longitude": 22.937506,
    "latitude": -30.559482,
    "names": {
      "fr": "Afrique du Sud",
      "hu": "Dél-afrikai Köztársaság",
      "nl": "Zuid-Afrika",
      "pl": "Południowa Afryka",
      "de": "Südafrika",
      "ja": "南アフリカ",
      "co": "Africa di Sud",
      "es": "Sudáfrica",
      "pt": "África do Sul",
      "eu": "Hegoafrika",
      "ie": "An Afraic Theas"
    }
  },
  {
    "code": "GS",
    "name": "South Georgia and the South Sandwich Islands",
    "longitude": -36.587909,
    "latitude": -54.429579,
    "names": {
      "fr": "Géorgie du Sud et les îles Sandwich du Sud",
      "hu": "Déli-Georgia és Déli-Sandwich-szigetek",
      "nl": "Zuid-Georgië en de Zuidelijke Sandwicheilanden",
      "pl": "Georgia Południowa i Sandwich Południowy",
      "de": "Südgeorgien und die Südlichen Sandwichinseln",
      "ja": "南ジョージア島および南サンドウィッチ諸島",
      "co": "Sud-Giorgia è isule di Sandwitch",
      "es": "Islas Georgias del Sur y Sandwich del Sur",
      "pt": "Geórgia do Sul e Ilhas Sandwich do Sul",
      "eu": "Hegoaldeko Georgiak eta Hegoaldeko Sandwichak",
      "ie": "An tSeoirsia Theas agus Oileáin Sandwich Theas"
    }
  },
  {
    "code": "KR",
    "name": "South Korea",
    "longitude": 127.766922,
    "latitude": 35.907757,
    "names": {
      "fr": "Corée du Sud",
      "hu": "Dél-Korea (Koreai Köztársaság)",
      "nl": "Zuid-Korea",
      "pl": "Korea Południowa",
      "de": "Südkorea",
      "ja": "韓国",
      "co": "Corea di Sud",
      "es": "Corea del Sur",
      "pt": "Coreia do Sul",
      "eu": "Hego Korea",
      "ie": "An Chóiré Theas"
    }
  },
  {
    "code": "SS",
    "name": "South Sudan",
    "longitude": 30.659016,
    "latitude": 6.85065,
    "names": {
      "fr": "Soudan du Sud",
      "hu": "Dél-Szudán",
      "nl": "Zuid-Soedan",
      "pl": "Sudan Południowy",
      "de": "Südsudan",
      "ja": "南スーダン",
      "co": "Sud di Sur",
      "es": "Sudán del Sur",
      "pt": "Sudão do Sul",
      "eu": "Hego Sudán",
      "ie": "An tSúdáin Theas"
    }
  },
  {
    "code": "ES",
    "name": "Spain",
    "longitude": -3.74922,
    "latitude": 40.463667,
    "names": {
      "fr": "Espagne",
      "hu": "Spanyolország",
      "nl": "Spanje",
      "pl": "Hiszpania",
      "de": "Spanien",
      "ja": "スペイン",
      "co": "Spagna",
      "eu": "Espainia",
      "pt": "Espanha",
      "es": "España",
      "ie": "An Spáinn"
    }
  },
  {
    "code": "LK",
    "name": "Sri Lanka",
    "longitude": 80.771797,
    "latitude": 7.873054,
    "names": {
      "hu": "Srí Lanka",
      "ja": "スリランカ",
      "ie": "Srí Lanca"
    }
  },
  {
    "code": "SD",
    "name": "Sudan",
    "longitude": 30.7671933,
    "latitude": 15.8905231,
    "names": {
      "fr": "Soudan",
      "hu": "Szudán",
      "nl": "Soedan",
      "ja": "スーダン",
      "es": "Sudán",
      "pt": "Sudão",
      "ie": "An tSúdáin"
    }
  },
  {
    "code": "SR",
    "name": "Suriname",
    "longitude": -56.027783,
    "latitude": 3.919305,
    "names": {
      "pl": "Surinam",
      "ja": "スリナム",
      "es": "Surinam",
      "co": "Surinami",
      "eu": "Surinam",
      "ie": "Suranam"
    }
  },
  {
    "code": "SJ",
    "name": "Svalbard and Jan Mayen",
    "longitude": 23.670272,
    "latitude": 77.553604,
    "names": {
      "fr": "Svalbard et Jan Mayen",
      "hu": "Norvégia Spitzbergák és Jan Mayen-sziget",
      "nl": "Spitsbergen en Jan Mayen",
      "pl": "Svalbard i Jan Mayen",
      "de": "Spitzbergen und Jan Mayen",
      "ja": "スヴァールバル諸島とヤンマイエン",
      "co": "Svalbard è Jan Mayen",
      "es": "Svalbard y Jan Mayen",
      "pt": "Svalbard e Jan Mayen",
      "eu": "Svalbard eta Jan Mayen",
      "ie": "Svalbard agus Jan Mayen"
    }
  },
  {
    "code": "SE",
    "name": "Sweden",
    "longitude": 18.643501,
    "latitude": 60.128161,
    "names": {
      "fr": "Suède",
      "hu": "Svédország",
      "nl": "Zweden",
      "pl": "Szwecja",
      "de": "Schweden",
      "ja": "スウェーデン",
      "co": "Svezia",
      "es": "Suecia",
      "pt": "Suécia",
      "eu": "Suedia",
      "ie": "An tSualainn"
    }
  },
  {
    "code": "CH",
    "name": "Switzerland",
    "longitude": 8.227512,
    "latitude": 46.818188,
    "names": {
      "fr": "Suisse",
      "hu": "Svájc",
      "nl": "Zwitserland",
      "pl": "Szwajcaria",
      "de": "Schweiz",
      "ja": "スイス",
      "co": "Svizzera",
      "es": "Suiza",
      "pt": "Suíça",
      "eu": "Suitza",
      "ie": "An Eilvéis"
    }
  },
  {
    "code": "SY",
    "name": "Syria",
    "longitude": 38.996815,
    "latitude": 34.802075,
    "names": {
      "fr": "Syrie",
      "hu": "Szíria",
      "nl": "Syrië",
      "de": "Syrien",
      "ja": "シリア",
      "co": "Siria",
      "es": "Siria",
      "pt": "Síria",
      "eu": "Siria",
      "ie": "An tSiria"
    }
  },
  {
    "code": "TW",
    "name": "Taiwan",
    "longitude": 120.960515,
    "latitude": 23.69781,
    "names": {
      "fr": "Taïwan",
      "hu": "Tajvan",
      "pl": "Tajwan",
      "ja": "台湾",
      "es": "Taiwán",
      "ie": "An Téaváin"
    }
  },
  {
    "code": "TJ",
    "name": "Tajikistan",
    "longitude": 71.276093,
    "latitude": 38.861034,
    "names": {
      "fr": "Tadjikistan",
      "hu": "Tádzsikisztán",
      "nl": "Tadzjikistan",
      "pl": "Tadżykistan",
      "de": "Tadschikistan",
      "ja": "タジキスタン",
      "es": "Tayikistán",
      "pt": "Tajiquistão",
      "co": "Tadjikistan",
      "ie": "An Táidsíceastáin"
    }
  },
  {
    "code": "TZ",
    "name": "Tanzania",
    "longitude": 34.888822,
    "latitude": -6.369028,
    "names": {
      "fr": "Tanzanie",
      "hu": "Tanzánia",
      "de": "Tansania",
      "ja": "タンザニア",
      "co": "Tanzania, Republica unita di",
      "pt": "Tanzânia",
      "ie": "An Tansáin"
    }
  },
  {
    "code": "TH",
    "name": "Thailand",
    "longitude": 100.992541,
    "latitude": 15.870032,
    "names": {
      "fr": "Thaïlande",
      "es": "Tailandia",
      "eu": "Thailandia",
      "hu": "Thaiföld",
      "nl": "Thailand",
      "pl": "Tajlandia",
      "pt": "Tailândia",
      "de": "Thailand",
      "ja": "タイ",
      "co": "Thailandu",
      "ie": "An Téalainn"
    }
  },
  {
    "code": "TL",
    "name": "Timor-Leste",
    "longitude": 125.727539,
    "latitude": -8.874217,
    "names": {
      "hu": "Kelet-Timor",
      "nl": "Oost-Timor",
      "pl": "Timor Wschodni",
      "de": "Osttimor",
      "ja": "東ティモール",
      "co": "Timor orientale",
      "fr": "Timor oriental",
      "es": "Timor Oriental",
      "eu": "Ekialdeko Timor",
      "ie": "Tíomór Thoir"
    }
  },
  {
    "code": "TG",
    "name": "Togo",
    "longitude": 0.824782,
    "latitude": 8.619543,
    "names": {
      "ja": "トーゴ",
      "ie": "Tóga"
    }
  },
  {
    "code": "TK",
    "name": "Tokelau",
    "longitude": -171.855881,
    "latitude": -8.967363,
    "names": {
      "hu": "Tokelau-szigetek",
      "ja": "トケラウ",
      "ie": "Tócalá"
    }
  },
  {
    "code": "TO",
    "name": "Tonga",
    "longitude": -175.198242,
    "latitude": -21.178986,
    "names": {
      "ja": "トンガ",
      "ie": "Tonga"
    }
  },
  {
    "code": "TT",
    "name": "Trinidad and Tobago",
    "longitude": -61.222503,
    "latitude": 10.691803,
    "names": {
      "fr": "Trinité-et-Tobago",
      "hu": "Trinidad és Tobago",
      "nl": "Trinidad en Tobago",
      "pl": "Trynidad i Tobago",
      "de": "Trinidad und Tobago",
      "ja": "トリニダード・トバゴ",
      "es": "Trinidad y Tobago",
      "pt": "Trinidad e Tobago",
      "co": "Trinitate eta Tobago",
      "eu": "Trinidad eta Tobago",
      "ie": "Oileán na Tríonóide agus Tobága"
    }
  },
  {
    "code": "TN",
    "name": "Tunisia",
    "longitude": 9.537499,
    "latitude": 33.886917,
    "names": {
      "fr": "Tunisie",
      "hu": "Tunézia",
      "nl": "Tunesië",
      "pl": "Tunezja",
      "de": "Tunesien",
      "ja": "チュニジア",
      "es": "Túnez",
      "pt": "Tunísia",
      "ie": "An Túinéis"
    }
  },
  {
    "code": "TR",
    "name": "Türkiye",
    "longitude": 35.243322,
    "latitude": 38.963745,
    "names": {
      "fr": "Turquie",
      "hu": "Törökország",
      "nl": "Turkije",
      "pl": "Turcja",
      "de": "Türkei",
      "ja": "トルコ",
      "co": "Turchia",
      "es": "Turquía",
      "pt": "Turquia",
      "eu": "Turkia",
      "ie": "An Tuirc"
    }
  },
  {
    "code": "TM",
    "name": "Turkmenistan",
    "longitude": 59.556278,
    "latitude": 38.969719,
    "names": {
      "fr": "Turkménistan",
      "hu": "Türkmenisztán",
      "ja": "トルクメニスタン",
      "es": "Turkmenistán",
      "pt": "Turquemenistão",
      "co": "Turkmenistanu",
      "ie": "An Tuircméanastáin"
    }
  },
  {
    "code": "TC",
    "name": "Turks and Caicos Islands",
    "longitude": -71.797928,
    "latitude": 21.694025,
    "names": {
      "fr": "Îles Turques-et-Caïques",
      "es": "Islas Turcas y Caicos",
      "eu": "Turks eta Caicos Uharteak",
      "hu": "Turks- és Caicos-szigetek",
      "nl": "Turks- en Caicoseilanden",
      "pl": "Turks i Caicos",
      "pt": "Ilhas Turks e Caicos",
      "de": "Turks- und Caicosinseln",
      "ja": "タークス・カイコス諸島",
      "co": "Turchini è Caiques",
      "ie": "Oileáin na dTurcach agus Caicos"
    }
  },
  {
    "code": "TV",
    "name": "Tuvalu",
    "longitude": 177.64933,
    "latitude": -7.109535,
    "names": {
      "ja": "ツバル",
      "ie": "Tuvalu"
    }
  },
  {
    "code": "VI",
    "name": "U.S. Virgin Islands",
    "longitude": -64.896335,
    "latitude": 18.335765,
    "names": {
      "fr": "Îles Vierges des États-Unis",
      "hu": "Amerikai Virgin-szigetek",
      "nl": "Amerikaanse Maagdeneilanden",
      "pl": "Wyspy Dziewicze Stanów Zjednoczonych",
      "de": "Amerikanische Jungferninseln",
      "ja": "アメリカ領ヴァージン諸島",
      "co": "Isule Vergine Americane",
      "es": "Islas Vírgenes de los Estados Unidos",
      "pt": "Ilhas Virgens dos Estados Unidos",
      "eu": "Birjina uharte amerikarrak",
      "ie": "Oileáin na Maighdean S.A.M."
    }
  },
  {
    "code": "UG",
    "name": "Uganda",
    "longitude": 32.290275,
    "latitude": 1.373333,
    "names": {
      "fr": "Ouganda",
      "nl": "Oeganda",
      "ja": "ウガンダ",
      "ie": "Uganda"
    }
  },
  {
    "code": "UA",
    "name": "Ukraine",
    "longitude": 31.16558,
    "latitude": 48.379433,
    "names": {
      "hu": "Ukrajna",
      "nl": "Oekraïne",
      "pl": "Ukraina",
      "ja": "ウクライナ",
      "co": "Ukraina",
      "es": "Ucrania",
      "pt": "Ucrânia",
      "eu": "Ukraina",
      "ie": "An Úcráin"
    }
  },
  {
    "code": "AE",
    "name": "United Arab Emirates",
    "longitude": 53.847818,
    "latitude": 23.424076,
    "names": {
      "fr": "Émirats arabes unis",
      "hu": "Egyesült Arab Emírségek",
      "nl": "Verenigde Arabische Emiraten",
      "pl": "Zjednoczone Emiraty Arabskie",
      "de": "Vereinigte Arabische Emirate",
      "ja": "アラブ首長国連邦",
      "co": "Emirati Arabbi Uniti",
      "es": "Emiratos Árabes Unidos",
      "pt": "Emirados Árabes Unidos",
      "eu": "Arabiar Emirerri Batuak",
      "ie": "Aontas na nÉimíríochtaí Arabacha"
    }
  },
  {
    "code": "GB",
    "name": "United Kingdom",
    "longitude": -3.435973,
    "latitude": 55.378051,
    "names": {
      "fr": "Royaume-Uni",
      "hu": "Egyesült Királyság",
      "nl": "Verenigd Koninkrijk",
      "pl": "Wielka Brytania",
      "de": "Vereinigtes Königreich",
      "ja": "イギリス",
      "co": "Regnu Unitu",
      "es": "Reino Unido",
      "pt": "Reino Unido",
      "eu": "Erresuma Batua",
      "ie": "An Ríocht Aontaithe"
    }
  },
  {
    "code": "US",
    "name": "United States of America",
    "longitude": -95.712891,
    "latitude": 37.09024,
    "names": {
      "fr": "ÉTATS-UNIS D'AMÉRIQUE",
      "hu": "Amerikai Egyesült Államok",
      "nl": "VERENIGDE STATEN VAN AMERIKA",
      "pl": "STANY ZJEDNOCZONE AMERYKI",
      "de": "VEREINIGTEN STAATEN VON AMERIKA",
      "ja": "アメリカ合衆国",
      "co": "STATI UNITI D'AMERICA",
      "es": "ESTADOS UNIDOS DE AMÉRICA",
      "pt": "Estados Unidos da América",
      "eu": "Ameriketako Estatu Batuak",
      "ie": "Stáit Aontaithe Mheiriceá"
    }
  },
  {
    "code": "UY",
    "name": "Uruguay",
    "longitude": -55.765835,
    "latitude": -32.522779,
    "names": {
      "pl": "Urugwaj",
      "ja": "ウルグアイ",
      "pt": "Uruguai",
      "co": "Uruguaiana",
      "eu": "Uruguai",
      "ie": "Uraiguá"
    }
  },
  {
    "code": "UZ",
    "name": "Uzbekistan",
    "longitude": 64.585262,
    "latitude": 41.377491,
    "names": {
      "fr": "Ouzbékistan",
      "hu": "Üzbegisztán",
      "nl": "Oezbekistan",
      "de": "Usbekistan",
      "ja": "ウズベキスタン",
      "es": "Uzbekistán",
      "pt": "Uzbequistão",
      "co": "Uzbekistanu",
      "ie": "Úisbéiceastáin"
    }
  },
  {
    "code": "VU",
    "name": "Vanuatu",
    "longitude": 166.959158,
    "latitude": -15.376706,
    "names": {
      "ja": "バヌアツ",
      "ie": "Vanuatú"
    }
  },
  {
    "code": "VA",
    "name": "Vatican City",
    "longitude": 12.453389,
    "latitude": 41.902916,
    "names": {
      "fr": "Cité du Vatican",
      "hu": "Vatikán",
      "nl": "Vaticaanstad",
      "pl": "Watykan",
      "de": "Vatikanstadt",
      "ja": "バチカン市国",
      "co": "Cità di u Vaticanu",
      "es": "Ciudad del Vaticano",
      "pt": "Vaticano",
      "eu": "Vatikano Hiria",
      "ie": "Cathair na Vatacáine"
    }
  },
  {
    "code": "VE",
    "name": "Venezuela",
    "longitude": -66.58973,
    "latitude": 6.42375,
    "names": {
      "pl": "Wenezuela",
      "ja": "ベネズエラ",
      "ie": "Veiniséala"
    }
  },
  {
    "code": "VN",
    "name": "Vietnam",
    "longitude": 108.277199,
    "latitude": 14.058324,
    "names": {
      "fr": "Viêt Nam",
      "hu": "Vietnám",
      "pl": "Wietnam",
      "ja": "ベトナム",
      "co": "Vietnamu",
      "pt": "Vietname",
      "ie": "Vítneam"
    }
  },
  {
    "code": "WF",
    "name": "Wallis and Futuna",
    "longitude": -177.156097,
    "latitude": -13.768752,
    "names": {
      "fr": "Wallis-et-Futuna",
      "hu": "Wallis és Futuna Wallis és Futuna",
      "nl": "Wallis en Futuna",
      "pl": "Wallis i Futuna",
      "de": "Wallis und Futuna",
      "ja": "ウォリス・フツナ",
      "co": "Wallis è Futuna",
      "es": "Wallis y Futuna",
      "pt": "Wallis e Futuna",
      "eu": "Wallis eta Futuna",
      "ie": "Wallis agus Futuna"
    }
  },
  {
    "code": "EH",
    "name": "Western Sahara",
    "longitude": -12.885834,
    "latitude": 24.215527,
    "names": {
      "fr": "Sahara occidental",
      "hu": "Nyugat-Szahara",
      "nl": "Westelijke Sahara",
      "pl": "Sahara Zachodnia",
      "de": "Westsahara",
      "ja": "西サハラ",
      "co": "Sahara di u Rettu",
      "es": "República Árabe Saharaui Democrática",
      "pt": "Saara Ocidental",
      "eu": "Mendebaldeko Sahara",
      "ie": "An Sahára Thiar"
    }
  },
  {
    "code": "YE",
    "name": "Yemen",
    "longitude": 48.516388,
    "latitude": 15.552727,
    "names": {
      "fr": "Yémen",
      "hu": "Jemen",
      "nl": "Jemen",
      "pl": "Jemen",
      "de": "Jemen",
      "ja": "イエメン",
      "pt": "Iêmen",
      "co": "Yemenu",
      "ie": "Éimin"
    }
  },
  {
    "code": "ZM",
    "name": "Zambia",
    "longitude": 27.849332,
    "latitude": -13.133897,
    "names": {
      "fr": "Zambie",
      "de": "Sambia",
      "ja": "ザンビア",
      "pt": "Zâmbia",
      "ie": "An tSaimbia"
    }
  },
  {
    "code": "ZW",
    "name": "Zimbabwe",
    "longitude": 29.154857,
    "latitude": -19.015438,
    "names": {
      "de": "Simbabwe",
      "ja": "ジンバブエ",
      "es": "Zimbabue",
      "ie": "An tSiombáib"
    }
  },
  {
    "code": "CW",
    "name": "Curaçao",
    "longitude": -68.93593252202126,
    "latitude": 12.169009225185517,
    "names": {
      "ja": "キュラソー",
      "es": "Curazao",
      "pt": "CURAÇAU",
      "co": "Curaçau",
      "ie": "Curaçao"
    }
  },
  {
    "code": "BQ",
    "name": "Caribbean Netherlands",
    "longitude": -68.26160017264506,
    "latitude": 12.158730898190548,
    "names": {
      "fr": "Pays-Bas caribéens",
      "de": "Karibische Niederlande",
      "es": "Caribe Neerlandés",
      "ja": "カリブ・オランダ",
      "nl": "Caribisch Nederland",
      "pl": "Karaiby Holenderskie",
      "pt": "Países Baixos Caribenhos",
      "hu": "KARIBI HOLLANDIA",
      "co": "Nazione Corsa Di Caribbi",
      "eu": "Karibe Holandarrek",
      "ie": "Bonaire, Sint Eustatius agus Saba"
    }
  },
  {
    "code": "MH",
    "name": "Marshall Islands",
    "longitude": 169.29,
    "latitude": 9.82,
    "names": {
      "eu": "Marshall Uharteak",
      "de": "Marshallinseln",
      "es": "Islas Marshall",
      "fr": "Îles Marshall",
      "ja": "マーシャル諸島",
      "nl": "Marshalleilanden",
      "pl": "Wyspy Marshalla",
      "pt": "Ilhas Marshall",
      "co": "Isole Marshall",
      "hu": "MARSHALL-SZIGETEK",
      "ie": "Oileáin Marshall"
    }
  },
  {
    "code": "BL",
    "name": "Saint Barthélemy",
    "longitude": -62.833333,
    "latitude": 17.9,
    "names": {
      "de": "Saint-Barthélemy",
      "es": "San Bartolomé",
      "fr": "Saint-Barthélemy",
      "pl": "Saint-Barthélemy",
      "hu": "SAINT-BARTHÉLEMY",
      "pt": "São Bartolomeu",
      "nl": "Saint-Barthélemy",
      "ja": "サン・バルテルミー",
      "co": "San Bartulimu",
      "ie": "Naomh Bartalamais"
    }
  },
  {
    "code": "SX",
    "name": "Sint Maarten",
    "longitude": -63.2235687,
    "latitude": 18.0293645,
    "names": {
      "fr": "Sint-Maarten",
      "ja": "シント・マールテン",
      "nl": "SINT-MAARTEN",
      "pt": "São Martinho (Países Baixos)",
      "co": "Santa Martinu",
      "ie": "Sint Maarten"
    }
  },
  {
    "code": "MF",
    "name": "Saint Martin",
    "longitude": -63.3911226,
    "latitude": 18.0910397,
    "names": {
      "es": "San Martín",
      "de": "SAINT-MARTIN",
      "fr": "Saint-Martin",
      "pl": "SAINT-MARTIN",
      "hu": "SAINT-MARTIN",
      "pt": "São Martinho (França)",
      "nl": "Sint-Maarten",
      "ja": "サン・マルタン",
      "co": "Santa Martinu",
      "ie": "Saint-Martin"
    }
  },
  {
    "code": "AX",
    "name": "Åland",
    "longitude": 20.419275772342356,
    "latitude": 60.17454109711046,
    "names": {
      "pl": "Wyspy Alandzkie",
      "pt": "ALANDA",
      "ja": "オーランド",
      "co": "Ålanda",
      "eu": "Ålandak",
      "ie": "Oileáin Åland"
    }
  }
]